Workbook
Name Results: 'simulatie data'!#REF!
Name Results_1: 'simulatie data'!$A$1:$EZ$1002

Sheet simulatie data
A1: minutes | B1: plate | C1: mouth | D1: corpus | E1: antrum | F1: duodenum 1 | G1: duodenum 2 | H1: jejunum 1 | I1: jejunum 2 | J1: jejunum 3 | K1: ileum 1 | L1: ileum 2 | M1: ileum 3 | N1: ileum 4 | O1: ileum 5 | P1: ileum 6 | Q1: colon | R1: enterocytes/100 | S1: total volume SI | T1: CCK | U1: PYY | V1: gastric emptying | W1: calories proximal | X1: calories distal | Y1: calories colon | Z1: calories absorbed | AA1: gastric tone | AB1: fullness | AC1: hunger | AD1: peptides upper gastric | AE1: peptides antrum | AF1: peptides duodenum 1 | AG1: peptides duodenum 2 | AH1: peptides jejunum 1 | AI1: peptides jejunum 2 | AJ1: peptides jejunum 3 | AK1: peptides ileum 1 | AL1: peptides ileum 2 | AM1: peptides ileum 3 | AN1: peptides ileum 4 | AO1: peptides ileum 5 | AP1: peptides ileum 6 | AQ1: peptides colon | AR1: GIP | AS1: GLP1 | AT1: glucose upper gastric | AU1: glucose antrum | AV1: glucose duodenum 1 | AW1: glucose duodenum 2 | AX1: glucose jejunum 1 | AY1: glucose jejunum 2 | AZ1: glucose jejunum 3 | BA1: glucose ileum 1 | BB1: glucose ileum 2 | BC1: glucose ileum 3 | BD1: glucose ileum 4 | BE1: glucose ileum 5 | BF1: glucose ileum 6 | BG1: glucose colon | BH1: fat delivered to colon | BI1: casein delivered to colon | BJ1: glucose delivered to colon | BK1: glucose absorbed | BL1: fatty acids absorbed | BM1: conjugated bile absorbed | BN1: fatty acid bile micelles absorbed | BO1: casein small peptides absorbed | BP1: small peptides absorbed | BQ1: pH plate | BR1: pH mouth | BS1: pH upper gastric | BT1: pH antrum | BU1: pH duodenum 1 | BV1: pH duodenum 2 | BW1: pH jejunum 1 | BX1: pH jejunum 2 | BY1: pH jejunum 3 | BZ1: pH ileum 1 | CA1: pH ileum 2 | CB1: pH ileum 3 | CC1: pH ileum 4 | CD1: pH ileum 5 | CE1: pH ileum 6 | CF1: pH colon | CG1: Units pepsin in corpus | CH1: Units pepsin in antrum | CI1: solids_in_corpus | CJ1: solids_in_fundus | CK1: solids_in_antrum | CL1: total solids in stomach | CM1: serum glucose (mMol/l) | CN1: serum insulin (pMol/l) | CO1: pharmaceutical absorbed (g) | CP1: bloodserumconc pharmaceutical (mg/l) | CQ1: CCK emptying stress | CR1: Osmotic emptying stress | CS1: pH emptying stress | CT1: pH fundus | CU1: fundus | CV1: starch fundus | CW1: starch colon | CX1: sucrase_inhibitie[7] | CY1: absorption_rate[7-3] | CZ1: absorption_rate[7-1] | DA1: glucose in brush[7] | DB1: arabinose in brush[7] | DC1: sucrose in brush[7] | DD1: sucrase_inhibitie[15] | DE1: absorption_rate[15-3] | DF1: absorption_rate[15-1] | DG1: osmotic_value_brush_proximal | DH1: osmotic_value_brush_distal | DI1: osmotic_value_lumen_duodenum | DJ1: osmotic_value_lumen_distal | DK1: serum_glucose_mg_dl | DL1: serum_insulin_mU_l | DM1: GLP1gastricemptying_stress | DN1: Viscousgastricemptying_stress | DO1: 13C serum_glucose (mMol/l) | DP1: 2H serum_glucose (mMol/l) | DQ1: glucose RaE (Mol/min) | DR1: up[4] | DS1: intercellulaire glucose muscle adipose (mMol/l) | DT1: intercellulaire glucose skin (mMol/l) | DU1: total_glucose_absorption_rate (Mol/min) | DV1: Gastric Volume (mL) | DW1: HbA1C (%) | DX1: Leucine absorbed (g) | DY1: total SI water absorption rate (g/min) | DZ1: MCC status | EA1: Ghrelin | EB1: Motilin | EC1: bile_secretion_rate (g/min) | ED1: Pancreatic fluid secretion (g/min) | EE1: gastric fluid secretion (g/min) | EF1: saliva secretion (g/ml) | EG1: secreted gastric fluid (g) | EH1: secreted conjugated bile salt (g) | EI1: secreted panceratic fluid (g) | EJ1: secreted_saliva (g) | EK1: gall bladder volume (g) | EL1: conjugated bile salt concentration in gall bladder (g/g) | EM1: duodenal conjugated bile salt concentration (g/g) | EN1: gal bladder emptying rate (g/min) | EO1: secteted bile (g) | EP1: blood bile salt pool (g) | EQ1: unconjugated bile salt in colon (g) | ER1: conjugated bile salt in secreted_bile (g/g) | ES1: secretin (a.u.) | ET1: glucagon (a.u.) | EU1: glycogen (g) | EV1: RC13/C12 | EW1: total lingual lipase lipolysis rate (%/min) | EX1: total gastric lipase lipolysis rate (%/min) | EY1: total pancreatic lipase lipolysis rate (%/min)
A2: 1 | B2: 0 | C2: 0.90611669 | D2: 14.008136 | E2: 1.0439496 | F2: 12.085287 | G2: 18.492255 | H2: 23.930616 | I2: 23.187037 | J2: 22.462849 | K2: 21.759321 | L2: 21.074494 | M2: 20.411203 | N2: 19.773553 | O2: 19.169186 | P2: 18.610217 | Q2: 862.45102 | R2: 0 | S2: 220.95602 | T2: 0 | U2: 0.00113 | V2: 0 | W2: 6e-05 | X2: 0.00035 | Y2: 1.5222 | Z2: 6e-05 | AA2: 3.34285 | AB2: 0.89523 | AC2: 7.91899 | AD2: 0 | AE2: 0 | AF2: 0 | AG2: 0 | AH2: 0 | AI2: 0 | AJ2: 0 | AK2: 0 | AL2: 0 | AM2: 0 | AN2: 0 | AO2: 0 | AP2: 0 | AQ2: 0.07448 | AR2: 4e-05 | AS2: 0.00046 | AT2: 0 | AU2: 0 | AV2: 0 | AW2: 0 | AX2: 0 | AY2: 0 | AZ2: 0 | BA2: 0 | BB2: 0 | BC2: 0 | BD2: 0 | BE2: 0 | BF2: 0 | BG2: 0.0022 | BH2: 0.07216 | BI2: 0 | BJ2: 0.0022 | BK2: 0 | BL2: 0 | BM2: 5e-05 | BN2: 0 | BO2: 0 | BP2: 0 | BQ2: 7 | BR2: 6.2748975 | BS2: 2.2978271 | BT2: 2.5265967 | BU2: 4.814292 | BV2: 6.0021338 | BW2: 6.8468213 | BX2: 7.6475146 | BY2: 8.1138525 | BZ2: 8.3074268 | CA2: 8.4658057 | CB2: 8.6065869 | CC2: 8.7297705 | CD2: 8.8353565 | CE2: 8.9145459 | CF2: 0 | CG2: 2294.4754 | CH2: 2702.3972 | CI2: 0.12435 | CJ2: 0.00439 | CK2: 0.00275 | CL2: 0.13149 | CM2: 3.93348 | CN2: 70.26577 | CO2: 0 | CP2: 0 | CQ2: 0 | CR2: 0 | CS2: 0.17855 | CT2: 1.83149 | CU2: 6.70818 | CV2: 0 | CW2: 0 | CX2: 1 | CY2: 0 | CZ2: 0.07725 | DA2: 0 | DB2: 0 | DC2: 0 | DD2: 1 | DE2: 0 | DF2: 0.06277 | DG2: 0 | DH2: 0 | DI2: 0 | DJ2: 0 | DK2: 70.86391 | DL2: 10.5346 | DM2: 0.0065 | DN2: 0.31498 | DO2: 0 | DP2: 0.02329 | DQ2: 0 | DR2: 0 | DS2: 3.08123 | DT2: 3.93343 | DU2: 0 | DV2: 19.36986 | DW2: 0.0025534795 | DX2: 0 | DY2: 0.73359 | DZ2: 1 | EA2: 132.36855 | EB2: 87.45072 | EC2: 0.13468 | ED2: 0 | EE2: 0.45723 | EF2: 0.19051 | EG2: 0.4391 | EH2: 0.00117 | EI2: 0.02116 | EJ2: 2.84835 | EK2: 15.81842 | EL2: 0.01375 | EM2: 0.00116 | EN2: 0.03978 | EO2: 82.75736 | EP2: 0.00734 | EQ2: 0.20554 | ER2: 0.00851 | ES2: 2.71231 | ET2: 8.81088 | EU2: 100 | EV2: 1e-05 | EW2: 0 | EX2: 0 | EY2: 0.81904
A3: 2 | B3: 0 | C3: 12.305328 | D3: 5.0737758 | E3: 2.287444 | F3: 13.351062 | G3: 18.608347 | H3: 23.934937 | I3: 23.186379 | J3: 22.462007 | K3: 21.758375 | L3: 21.073417 | M3: 20.409826 | N3: 19.771503 | O3: 19.16578 | P3: 18.60438 | Q3: 863.77832 | R3: 0 | S3: 222.32601 | T3: 5e-05 | U3: 0.00126 | V3: 0.22194 | W3: 0.08625 | X3: 0.00035 | Y3: 1.52221 | Z3: 0.00191 | AA3: 3.50923 | AB3: 1.00615 | AC3: 7.89665 | AD3: 0.01151 | AE3: 0.00394 | AF3: 0.00243 | AG3: 7e-05 | AH3: 0 | AI3: 0 | AJ3: 0 | AK3: 0 | AL3: 0 | AM3: 0 | AN3: 0 | AO3: 0 | AP3: 0 | AQ3: 0.07448 | AR3: 0.00111 | AS3: 0.00045 | AT3: 0 | AU3: 0 | AV3: 0.00642 | AW3: 0.00034 | AX3: 1e-05 | AY3: 0 | AZ3: 0 | BA3: 0 | BB3: 0 | BC3: 0 | BD3: 0 | BE3: 0 | BF3: 0 | BG3: 0.0022 | BH3: 0.07217 | BI3: 0 | BJ3: 0.0022 | BK3: 0.00027 | BL3: 0 | BM3: 5e-05 | BN3: 0 | BO3: 0 | BP3: 1e-05 | BQ3: 7 | BR3: 4.9198779 | BS3: 3.6528467 | BT3: 2.6233838 | BU3: 5.3334228 | BV3: 6.0021338 | BW3: 6.8380225 | BX3: 7.6475146 | BY3: 8.1138525 | BZ3: 8.3074268 | CA3: 8.4658057 | CB3: 8.6065869 | CC3: 8.7297705 | CD3: 8.8353565 | CE3: 8.9145459 | CF3: 0 | CG3: 1670.1412 | CH3: 1937.6525 | CI3: 0.28664 | CJ3: 0.64906 | CK3: 0.1663 | CL3: 1.102 | CM3: 3.93349 | CN3: 70.26614 | CO3: 0 | CP3: 0 | CQ3: 0.00057 | CR3: 0.04089 | CS3: 0.1111 | CT3: 2.77296 | CU3: 22.70636 | CV3: 0.54646 | CW3: 0 | CX3: 1 | CY3: 0 | CZ3: 0.07726 | DA3: 0 | DB3: 0 | DC3: 0 | DD3: 1 | DE3: 0 | DF3: 0.06275 | DG3: 0.00041 | DH3: 0 | DI3: 0.00075 | DJ3: 0 | DK3: 70.86417 | DL3: 10.53465 | DM3: 0.00629 | DN3: 0.30088 | DO3: 0 | DP3: 0.02329 | DQ3: 0 | DR3: 13.36251 | DS3: 3.08124 | DT3: 3.93344 | DU3: 2e-05 | DV3: 28.76985 | DW3: 0.0025583085 | DX3: 0 | DY3: 0.74838 | DZ3: 1 | EA3: 132.36165 | EB3: 87.47061 | EC3: 0.13469 | ED3: 0 | EE3: 1.71472 | EF3: 0.4243 | EG3: 1.47893 | EH3: 0.0023 | EI3: 0.04234 | EJ3: 9.07351 | EK3: 15.8266 | EL3: 0.01379 | EM3: 0.00116 | EN3: 0.03974 | EO3: 82.89191 | EP3: 0.0069 | EQ3: 0.20542 | ER3: 0.00831 | ES3: 2.7143 | ET3: 8.81084 | EU3: 100 | EV3: 0.02216 | EW3: 0.37543 | EX3: 0 | EY3: 0.88035
A4: 3 | B4: 0 | C4: 13.138338 | D4: 12.842655 | E4: 4.0528276 | F4: 14.666184 | G4: 18.94315 | H4: 23.959624 | I4: 23.186813 | J4: 22.461213 | K4: 21.75768 | L4: 21.07235 | M4: 20.408469 | N4: 19.769505 | O4: 19.162487 | P4: 18.598751 | Q4: 865.10493 | R4: 0 | S4: 223.98623 | T4: 0.00263 | U4: 0.01478 | V4: 1.05936 | W4: 1.61199 | X4: 0.00035 | Y4: 1.52221 | Z4: 0.24225 | AA4: 3.7349 | AB4: 1.1566 | AC4: 7.35442 | AD4: 0.06768 | AE4: 0.02104 | AF4: 0.02213 | AG4: 0.00176 | AH4: 6e-05 | AI4: 0 | AJ4: 0 | AK4: 0 | AL4: 0 | AM4: 0 | AN4: 0 | AO4: 0 | AP4: 0 | AQ4: 0.07448 | AR4: 0.02334 | AS4: 0.00081 | AT4: 0 | AU4: 0 | AV4: 0.04325 | AW4: 0.00695 | AX4: 0.00037 | AY4: 1e-05 | AZ4: 0 | BA4: 0 | BB4: 0 | BC4: 0 | BD4: 0 | BE4: 0 | BF4: 0 | BG4: 0.0022 | BH4: 0.07217 | BI4: 0 | BJ4: 0.0022 | BK4: 0.00713 | BL4: 0 | BM4: 5e-05 | BN4: 0 | BO4: 0 | BP4: 7e-05 | BQ4: 7 | BR4: 4.9286768 | BS4: 3.2744971 | BT4: 2.8609522 | BU4: 4.8846826 | BV4: 5.9669385 | BW4: 6.8380225 | BX4: 7.6475146 | BY4: 8.1138525 | BZ4: 8.3074268 | CA4: 8.4658057 | CB4: 8.6065869 | CC4: 8.7297705 | CD4: 8.8353565 | CE4: 8.9145459 | CF4: 0 | CG4: 1771.0788 | CH4: 1657.4886 | CI4: 1.80589 | CJ4: 0.27942 | CK4: 0.60017 | CL4: 2.68548 | CM4: 3.9379 | CN4: 70.35948 | CO4: 0 | CP4: 0 | CQ4: 0.01162 | CR4: 0.40123 | CS4: 0.19175 | CT4: 3.29209 | CU4: 24.8694 | CV4: 1.13817 | CW4: 0 | CX4: 1 | CY4: 1e-05 | CZ4: 0.07735 | DA4: 1e-05 | DB4: 0 | DC4: 0 | DD4: 1 | DE4: 0 | DF4: 0.06274 | DG4: 0.00523 | DH4: 0 | DI4: 0.0069 | DJ4: 0 | DK4: 70.94364 | DL4: 10.54865 | DM4: 0.00869 | DN4: 0.2876 | DO4: 4e-05 | DP4: 0.02329 | DQ4: 0 | DR4: 0 | DS4: 3.08133 | DT4: 3.93354 | DU4: 0.00064 | DV4: 41.51959 | DW4: 0.0025631388 | DX4: 0 | DY4: 1.08717 | DZ4: 1 | EA4: 130.58247 | EB4: 87.47021 | EC4: 0.13896 | ED4: 0 | EE4: 1.72564 | EF4: 0.42527 | EG4: 3.20663 | EH4: 0.00343 | EI4: 0.06358 | EJ4: 15.82398 | EK4: 15.83315 | EL4: 0.01382 | EM4: 0.00114 | EN4: 0.04396 | EO4: 83.02824 | EP4: 0.00661 | EQ4: 0.2053 | ER4: 0.00835 | ES4: 2.73014 | ET4: 8.80898 | EU4: 100 | EV4: 11.27363 | EW4: Nan | EX4: 0 | EY4: 0.9194
A5: 4 | B5: 0 | C5: 9.7582293 | D5: 33.035692 | E5: 2.676263 | F5: 16.887889 | G5: 19.421495 | H5: 24.020767 | I5: 23.190649 | J5: 22.460638 | K5: 21.760462 | L5: 21.071278 | M5: 20.407016 | N5: 19.767444 | O5: 19.159193 | P5: 18.593222 | Q5: 866.4281 | R5: 0 | S5: 226.74005 | T5: 0.01809 | U5: 0.13139 | V5: 2.59123 | W5: 4.57353 | X5: 0.00038 | Y5: 1.52222 | Z5: 0.88446 | AA5: 3.91723 | AB5: 1.27815 | AC5: 6.93462 | AD5: 0.22706 | AE5: 0.01927 | AF5: 0.06621 | AG5: 0.00794 | AH5: 0.00045 | AI5: 2e-05 | AJ5: 0 | AK5: 0 | AL5: 0 | AM5: 0 | AN5: 0 | AO5: 0 | AP5: 0 | AQ5: 0.07448 | AR5: 0.06624 | AS5: 0.00474 | AT5: 0 | AU5: 0 | AV5: 0.09606 | AW5: 0.01541 | AX5: 0.0018 | AY5: 9e-05 | AZ5: 0 | BA5: 0 | BB5: 0 | BC5: 0 | BD5: 0 | BE5: 0 | BF5: 0 | BG5: 0.0022 | BH5: 0.07217 | BI5: 0 | BJ5: 0.0022 | BK5: 0.01241 | BL5: 0 | BM5: 5e-05 | BN5: 0 | BO5: 0 | BP5: 0.00015 | BQ5: 7 | BR5: 4.9286768 | BS5: 3.6176514 | BT5: 2.9841357 | BU5: 4.6823096 | BV5: 5.9053467 | BW5: 6.8292236 | BX5: 7.6475146 | BY5: 8.1138525 | BZ5: 8.3074268 | CA5: 8.4658057 | CB5: 8.6065869 | CC5: 8.7297705 | CD5: 8.8353565 | CE5: 8.9233447 | CF5: 0 | CG5: 1694.4352 | CH5: 1411.1969 | CI5: 0.92512 | CJ5: 2.33295 | CK5: 0.79033 | CL5: 4.0484 | CM5: 3.96147 | CN5: 70.89711 | CO5: 0 | CP5: 0 | CQ5: 0.08113 | CR5: 1.1655 | CS5: 0.20495 | CT5: 3.31849 | CU5: 17.50742 | CV5: 2.94924 | CW5: 0 | CX5: 1 | CY5: 0.00054 | CZ5: 0.07908 | DA5: 5e-05 | DB5: 0 | DC5: 0 | DD5: 1 | DE5: 0 | DF5: 0.06272 | DG5: 0.01222 | DH5: 0 | DI5: 0.0142 | DJ5: 0 | DK5: 71.36814 | DL5: 10.62925 | DM5: 0.06026 | DN5: 0.27032 | DO5: 0.00028 | DP5: 0.02329 | DQ5: 1e-05 | DR5: 0 | DS5: 3.08246 | DT5: 3.93484 | DU5: 0.00111 | DV5: 51.82079 | DW5: 0.0025679843 | DX5: 0 | DY5: 1.34867 | DZ5: 1 | EA5: 126.11222 | EB5: 87.28135 | EC5: 0.15124 | ED5: 0 | EE5: 1.81101 | EF5: 0.41783 | EG5: 5.07236 | EH5: 0.00467 | EI5: 0.08497 | EJ5: 22.57398 | EK5: 15.83152 | EL5: 0.01386 | EM5: 0.00113 | EN5: 0.05625 | EO5: 83.17319 | EP5: 0.00642 | EQ5: 0.20518 | ER5: 0.00872 | ES5: 2.7859 | ET5: 8.78723 | EU5: 100 | EV5: 70.83307 | EW5: Nan | EX5: 0 | EY5: 0.91504
A6: 5 | B6: 0 | C6: 10.347339 | D6: 10.389362 | E6: 4.3603393 | F6: 18.201887 | G6: 19.982599 | H6: 24.122024 | I6: 23.200838 | J6: 22.460662 | K6: 21.778312 | L6: 21.070428 | M6: 20.405058 | N6: 19.7649 | O6: 19.155499 | P6: 18.587416 | Q6: 867.73764 | R6: 0 | S6: 228.72962 | T6: 0.05596 | U6: 0.5121 | V6: 3.38855 | W6: 6.57004 | X6: 0.00054 | Y6: 1.52222 | Z6: 1.78955 | AA6: 4.1514 | AB6: 1.43427 | AC6: 6.66266 | AD6: 0.09031 | AE6: 0.03846 | AF6: 0.11084 | AG6: 0.01941 | AH6: 0.0016 | AI6: 8e-05 | AJ6: 0 | AK6: 0 | AL6: 0 | AM6: 0 | AN6: 0 | AO6: 0 | AP6: 0 | AQ6: 0.07448 | AR6: 0.11687 | AS6: 0.01552 | AT6: 0 | AU6: 0 | AV6: 0.15427 | AW6: 0.02604 | AX6: 0.00373 | AY6: 0.00033 | AZ6: 2e-05 | BA6: 0 | BB6: 0 | BC6: 0 | BD6: 0 | BE6: 0 | BF6: 0 | BG6: 0.0022 | BH6: 0.07217 | BI6: 0 | BJ6: 0.0022 | BK6: 0.0158 | BL6: 0 | BM6: 5e-05 | BN6: 0 | BO6: 0 | BP6: 0.00021 | BQ6: 7 | BR6: 4.9286768 | BS6: 3.4768701 | BT6: 2.9577393 | BU6: 4.9374756 | BV6: 5.8437549 | BW6: 6.811626 | BX6: 7.6387158 | BY6: 8.1138525 | BZ6: 8.3074268 | CA6: 8.4658057 | CB6: 8.6065869 | CC6: 8.7297705 | CD6: 8.8353565 | CE6: 8.9233447 | CF6: 0 | CG6: 1717.8746 | CH6: 1527.7811 | CI6: 0.60564 | CJ6: 3.2084 | CK6: 1.42247 | CL6: 5.23651 | CM6: 4.00998 | CN6: 72.13163 | CO6: 0 | CP6: 0 | CQ6: 0.21035 | CR6: 1.88143 | CS6: 0.17709 | CT6: 3.21291 | CU6: 50.17343 | CV6: 1.08383 | CW6: 0 | CX6: 1 | CY6: 0.00296 | CZ6: 0.08663 | DA6: 0.00013 | DB6: 0 | DC6: 0 | DD6: 1 | DE6: 0 | DF6: 0.06271 | DG6: 0.01881 | DH6: 0 | DI6: 0.0212 | DJ6: 0 | DK6: 72.24209 | DL6: 10.81434 | DM6: 0.21725 | DN6: 0.25523 | DO6: 0.00076 | DP6: 0.02329 | DQ6: 2e-05 | DR6: 19.66789 | DS6: 3.08646 | DT6: 3.93939 | DU6: 0.00142 | DV6: 65.05109 | DW6: 0.0025728731 | DX6: 0 | DY6: 1.51323 | DZ6: 1 | EA6: 120.24393 | EB6: 86.54668 | EC6: 0.16543 | ED6: 0 | EE6: 2.03236 | EF6: 0.41946 | EG6: 6.96961 | EH6: 0.00609 | EI6: 0.10658 | EJ6: 29.32604 | EK6: 15.81606 | EL6: 0.01389 | EM6: 0.00113 | EN6: 0.07052 | EO6: 83.33214 | EP6: 0.00629 | EQ6: 0.20504 | ER6: 0.00913 | ES6: 2.86551 | ET6: 8.71413 | EU6: 100 | EV6: 190.98604 | EW6: Nan | EX6: 0 | EY6: 0.95498
A7: 6 | B7: 0 | C7: 10.868729 | D7: 23.736779 | E7: 6.4702116 | F7: 18.781783 | G7: 20.595556 | H7: 24.259956 | I7: 23.219876 | J7: 22.461865 | K7: 21.828803 | L7: 21.07091 | M7: 20.402023 | N7: 19.761214 | O7: 19.150771 | P7: 18.58074 | Q7: 869.01732 | R7: 0 | S7: 230.1135 | T7: 0.11367 | U7: 1.25525 | V7: 3.38374 | W7: 10.06357 | X7: 0.00109 | Y7: 1.52222 | Z7: 2.88844 | AA7: 4.33023 | AB7: 1.55348 | AC7: 6.44296 | AD7: 0.24588 | AE7: 0.0629 | AF7: 0.14872 | AG7: 0.0359 | AH7: 0.00389 | AI7: 0.00024 | AJ7: 1e-05 | AK7: 0 | AL7: 0 | AM7: 0 | AN7: 0 | AO7: 0 | AP7: 0 | AQ7: 0.07448 | AR7: 0.16831 | AS7: 0.0337 | AT7: 0 | AU7: 0 | AV7: 0.21456 | AW7: 0.04 | AX7: 0.00549 | AY7: 0.00071 | AZ7: 6e-05 | BA7: 0 | BB7: 0 | BC7: 0 | BD7: 0 | BE7: 0 | BF7: 0 | BG7: 0.0022 | BH7: 0.07217 | BI7: 0 | BJ7: 0.0022 | BK7: 0.01852 | BL7: 0 | BM7: 5e-05 | BN7: 1e-05 | BO7: 0 | BP7: 0.00028 | BQ7: 7 | BR7: 4.9286768 | BS7: 3.1073193 | BT7: 2.8785498 | BU7: 4.8406885 | BV7: 5.7909619 | BW7: 6.7852295 | BX7: 7.629917 | BY7: 8.1138525 | BZ7: 8.3074268 | CA7: 8.4746045 | CB7: 8.6065869 | CC7: 8.7297705 | CD7: 8.8353565 | CE7: 8.9233447 | CF7: 0 | CG7: 1772.4979 | CH7: 1593.1942 | CI7: 4.36444 | CJ7: 0.71649 | CK7: 1.22253 | CL7: 6.30346 | CM7: 4.08208 | CN7: 74.19505 | CO7: 0 | CP7: 0 | CQ7: 0.33089 | CR7: 2.41417 | CS7: 0.20348 | CT7: 3.15131 | CU7: 46.35151 | CV7: 2.31551 | CW7: 0 | CX7: 1 | CY7: 0.00655 | CZ7: 0.09784 | DA7: 0.0002 | DB7: 0 | DC7: 0 | DD7: 1 | DE7: 0 | DF7: 0.06269 | DG7: 0.02544 | DH7: 0 | DI7: 0.02768 | DJ7: 0 | DK7: 73.54102 | DL7: 11.1237 | DM7: 0.41632 | DN7: 0.2456 | DO7: 0.00148 | DP7: 0.0233 | DQ7: 4e-05 | DR7: 0 | DS7: 3.09512 | DT7: 3.94924 | DU7: 0.00166 | DV7: 75.16034 | DW7: 0.0025778354 | DX7: 0 | DY7: 1.64973 | DZ7: 1 | EA7: 113.22965 | EB7: 84.98058 | EC7: 0.17661 | ED7: 0 | EE7: 1.81141 | EF7: 0.42076 | EG7: 8.85454 | EH7: 0.00768 | EI7: 0.12844 | EJ7: 36.0811 | EK7: 15.78793 | EL7: 0.01392 | EM7: 0.00114 | EN7: 0.08187 | EO7: 83.50378 | EP7: 0.0062 | EQ7: 0.20486 | ER7: 0.00942 | ES7: 2.93769 | ET7: 8.56522 | EU7: 100 | EV7: 364.18429 | EW7: Nan | EX7: 0 | EY7: 0.9527
A8: 7 | B8: 0 | C8: 11.349565 | D8: 54.474247 | E8: 3.1672491 | F8: 20.150344 | G8: 21.193052 | H8: 24.430472 | I8: 23.249467 | J8: 22.464946 | K8: 21.925337 | L8: 21.07491 | M8: 20.397603 | N8: 19.755844 | O8: 19.14447 | P8: 18.572683 | Q8: 870.25349 | R8: 0 | S8: 232.35913 | T8: 0.18306 | U8: 2.35692 | V8: 4.09059 | W8: 13.52308 | X8: 0.00243 | Y8: 1.52223 | Z8: 4.14703 | AA8: 4.55237 | AB8: 1.70158 | AC8: 6.2574 | AD8: 0.59158 | AE8: 0.03186 | AF8: 0.19366 | AG8: 0.05633 | AH8: 0.00757 | AI8: 0.00059 | AJ8: 4e-05 | AK8: 0 | AL8: 0 | AM8: 0 | AN8: 0 | AO8: 0 | AP8: 0 | AQ8: 0.07448 | AR8: 0.21778 | AS8: 0.05893 | AT8: 0 | AU8: 0 | AV8: 0.275 | AW8: 0.05749 | AX8: 0.00733 | AY8: 0.00114 | AZ8: 0.00013 | BA8: 1e-05 | BB8: 0 | BC8: 0 | BD8: 0 | BE8: 0 | BF8: 0 | BG8: 0.0022 | BH8: 0.07217 | BI8: 0 | BJ8: 0.0022 | BK8: 0.02081 | BL8: 0 | BM8: 5e-05 | BN8: 1e-05 | BO8: 0 | BP8: 0.00033 | BQ8: 7 | BR8: 4.9286768 | BS8: 3.3448877 | BT8: 2.8873486 | BU8: 4.814292 | BV8: 5.7733643 | BW8: 6.758833 | BX8: 7.6123193 | BY8: 8.1138525 | BZ8: 8.3074268 | CA8: 8.4746045 | CB8: 8.6153857 | CC8: 8.7297705 | CD8: 8.8353565 | CE8: 8.9233447 | CF8: 0 | CG8: 1744.074 | CH8: 1446.6511 | CI8: 1.75158 | CJ8: 4.65637 | CK8: 0.92866 | CL8: 7.33661 | CM8: 4.17466 | CN8: 77.18059 | CO8: 0 | CP8: 0 | CQ8: 0.50757 | CR8: 3.15587 | CS8: 0.18735 | CT8: 3.00173 | CU8: 29.36192 | CV8: 5.17603 | CW8: 0 | CX8: 1 | CY8: 0.0107 | CZ8: 0.11077 | DA8: 0.00026 | DB8: 0 | DC8: 0 | DD8: 1 | DE8: 0 | DF8: 0.06266 | DG8: 0.03204 | DH8: 0 | DI8: 0.03396 | DJ8: 0 | DK8: 75.20895 | DL8: 11.5713 | DM8: 0.8003 | DN8: 0.23292 | DO8: 0.0024 | DP8: 0.02331 | DQ8: 6e-05 | DR8: 0 | DS8: 3.10987 | DT8: 3.96598 | DU8: 0.00187 | DV8: 87.74085 | DW8: 0.0025828985 | DX8: 0 | DY8: 1.76429 | DZ8: 1 | EA8: 105.24528 | EB8: 82.52414 | EC8: 0.18503 | ED8: 0 | EE8: 1.80729 | EF8: 0.42185 | EG8: 10.76873 | EH8: 0.00941 | EI8: 0.15051 | EJ8: 42.83657 | EK8: 15.75034 | EL8: 0.01395 | EM8: 0.00116 | EN8: 0.09052 | EO8: 83.68503 | EP8: 0.00614 | EQ8: 0.20462 | ER8: 0.00963 | ES8: 2.97886 | ET8: 8.32987 | EU8: 100 | EV8: 578.21148 | EW8: Nan | EX8: 0 | EY8: 0.95191
A9: 8 | B9: 0 | C9: 11.970026 | D9: 16.198316 | E9: 5.3668317 | F9: 20.6696 | G9: 21.755695 | H9: 24.626751 | I9: 23.290662 | J9: 22.470646 | K9: 22.072128 | L9: 21.085074 | M9: 20.391967 | N9: 19.748572 | O9: 19.136347 | P9: 18.563001 | Q9: 871.4399 | R9: 0 | S9: 233.81044 | T9: 0.25808 | U9: 3.77282 | V9: 4.19146 | W9: 15.31216 | X9: 0.0051 | Y9: 1.52223 | Z9: 5.54046 | AA9: 4.77241 | AB9: 1.84827 | AC9: 6.10054 | AD9: 0.18675 | AE9: 0.06068 | AF9: 0.22606 | AG9: 0.07957 | AH9: 0.01278 | AI9: 0.00118 | AJ9: 9e-05 | AK9: 1e-05 | AL9: 0 | AM9: 0 | AN9: 0 | AO9: 0 | AP9: 0 | AQ9: 0.07448 | AR9: 0.26409 | AS9: 0.09035 | AT9: 0 | AU9: 0 | AV9: 0.33419 | AW9: 0.07898 | AX9: 0.0094 | AY9: 0.00156 | AZ9: 0.00024 | BA9: 2e-05 | BB9: 0 | BC9: 0 | BD9: 0 | BE9: 0 | BF9: 0 | BG9: 0.0022 | BH9: 0.07217 | BI9: 0 | BJ9: 0.0022 | BK9: 0.02275 | BL9: 1e-05 | BM9: 5e-05 | BN9: 1e-05 | BO9: 0 | BP9: 0.00038 | BQ9: 7 | BR9: 4.9286768 | BS9: 3.2129053 | BT9: 2.816958 | BU9: 5.3950147 | BV9: 5.7909619 | BW9: 6.7236377 | BX9: 7.5947217 | BY9: 8.1138525 | BZ9: 8.3074268 | CA9: 8.4746045 | CB9: 8.6153857 | CC9: 8.7297705 | CD9: 8.8353565 | CE9: 8.9233447 | CF9: 0 | CG9: 1742.7323 | CH9: 1616.2826 | CI9: 0.96285 | CJ9: 5.5526 | CK9: 1.87574 | CL9: 8.3912 | CM9: 4.28417 | CN9: 81.16686 | CO9: 0 | CP9: 0 | CQ9: 0.67729 | CR9: 3.8563 | CS9: 0.10083 | CT9: 2.94014 | CU9: 77.76367 | CV9: 1.61075 | CW9: 0 | CX9: 1 | CY9: 0.0156 | CZ9: 0.12607 | DA9: 0.00034 | DB9: 0 | DC9: 0 | DD9: 1 | DE9: 0 | DF9: 0.06264 | DG9: 0.03856 | DH9: 0 | DI9: 0.04124 | DJ9: 0 | DK9: 77.18191 | DL9: 12.16894 | DM9: 1.26496 | DN9: 0.22222 | DO9: 0.00349 | DP9: 0.02332 | DQ9: 8e-05 | DR9: 18.6408 | DS9: 3.13168 | DT9: 3.99077 | DU9: 0.00204 | DV9: 100.34173 | DW9: 0.0025880856 | DX9: 0 | DY9: 1.85682 | DZ9: 1 | EA9: 96.61936 | EB9: 79.31528 | EC9: 0.19181 | ED9: 0 | EE9: 2.04864 | EF9: 0.42315 | EG9: 12.67857 | EH9: 0.01125 | EI9: 0.17277 | EJ9: 49.58635 | EK9: 15.70557 | EL9: 0.01397 | EM9: 0.00118 | EN9: 0.09756 | EO9: 83.87378 | EP9: 0.00611 | EQ9: 0.20431 | ER9: 0.0098 | ES9: 2.9691 | ET9: 8.01007 | EU9: 100 | EV9: 820.79511 | EW9: Nan | EX9: 0 | EY9: 0.99715
A10: 9 | B10: 0 | C10: 12.509216 | D10: 34.614985 | E10: 8.4102749 | F10: 20.528152 | G10: 22.286019 | H10: 24.840206 | I10: 23.343962 | J10: 22.479684 | K10: 22.266284 | L10: 21.103784 | M10: 20.385657 | N10: 19.739464 | O10: 19.126403 | P10: 18.551679 | Q10: 872.57659 | R10: 0 | S10: 234.65129 | T10: 0.3354 | U10: 5.45881 | V10: 3.73772 | W10: 18.50266 | X10: 0.00982 | Y10: 1.52224 | Z10: 7.04977 | AA10: 4.92605 | AB10: 1.9507 | AC10: 5.96576 | AD10: 0.44037 | AE10: 0.09848 | AF10: 0.2464 | AG10: 0.10485 | AH10: 0.01956 | AI10: 0.00208 | AJ10: 0.00018 | AK10: 1e-05 | AL10: 0 | AM10: 0 | AN10: 0 | AO10: 0 | AP10: 0 | AQ10: 0.07448 | AR10: 0.30683 | AS10: 0.12701 | AT10: 0 | AU10: 0 | AV10: 0.39099 | AW10: 0.10446 | AX10: 0.01166 | AY10: 0.00194 | AZ10: 0.00036 | BA10: 4e-05 | BB10: 0 | BC10: 0 | BD10: 0 | BE10: 0 | BF10: 0 | BG10: 0.0022 | BH10: 0.07217 | BI10: 0 | BJ10: 0.0022 | BK10: 0.0244 | BL10: 1e-05 | BM10: 5e-05 | BN10: 2e-05 | BO10: 0 | BP10: 0.00043 | BQ10: 7 | BR10: 4.9286768 | BS10: 2.8873486 | BT10: 2.816958 | BU10: 5.3598193 | BV10: 5.8173584 | BW10: 6.6972412 | BX10: 7.5595264 | BY10: 8.1138525 | BZ10: 8.3074268 | CA10: 8.4746045 | CB10: 8.6153857 | CC10: 8.7385693 | CD10: 8.8353565 | CE10: 8.9233447 | CF10: 0 | CG10: 1837.6818 | CH10: 1645.0327 | CI10: 6.76542 | CJ10: 1.16933 | CK10: 1.4126 | CL10: 9.34736 | CM10: 4.40694 | CN10: 86.22518 | CO10: 0 | CP10: 0 | CQ10: 0.80726 | CR10: 4.39664 | CS10: 0.13309 | CT10: 2.94894 | CU10: 68.10054 | CV10: 3.24614 | CW10: 0 | CX10: 1 | CY10: 0.02112 | CZ10: 0.14329 | DA10: 0.00042 | DB10: 0 | DC10: 0 | DD10: 1 | DE10: 0 | DF10: 0.0626 | DG10: 0.04514 | DH10: 0 | DI10: 0.04747 | DJ10: 0 | DK10: 79.39353 | DL10: 12.92731 | DM10: 1.677 | DN10: 0.21474 | DO10: 0.00474 | DP10: 0.02335 | DQ10: 0.00011 | DR10: 0 | DS10: 3.1611 | DT10: 4.02427 | DU10: 0.00219 | DV10: 109.50053 | DW10: 0.0025934154 | DX10: 0 | DY10: 1.93917 | DZ10: 1 | EA10: 87.70444 | EB10: 75.58437 | EC10: 0.19754 | ED10: 0 | EE10: 1.81896 | EF10: 0.42417 | EG10: 14.56859 | EH10: 0.01317 | EI10: 0.19521 | EJ10: 56.33849 | EK10: 15.65502 | EL10: 0.014 | EM10: 0.00121 | EN10: 0.10359 | EO10: 84.0687 | EP10: 0.00608 | EQ10: 0.20394 | ER10: 0.00994 | ES10: 2.8924 | ET10: 7.61714 | EU10: 100 | EV10: 1081.3898 | EW10: Nan | EX10: 0 | EY10: 0.99858
A11: 10 | B11: 0 | C11: 13.061382 | D11: 75.930848 | E11: 3.5613688 | F11: 21.226005 | G11: 22.748376 | H11: 25.062441 | I11: 23.409255 | J11: 22.492719 | K11: 22.501405 | L11: 21.132828 | M11: 20.379404 | N11: 19.72876 | O11: 19.11478 | P11: 18.53883 | Q11: 873.66711 | R11: 0 | S11: 236.3348 | T11: 0.4132 | U11: 7.3778 | V11: 4.20477 | W11: 21.52665 | X11: 0.01745 | Y11: 1.52224 | Z11: 8.65923 | AA11: 5.16998 | AB11: 2.11332 | AC11: 5.84716 | AD11: 0.98307 | AE11: 0.0406 | AF11: 0.27409 | AG11: 0.13112 | AH11: 0.0279 | AI11: 0.00336 | AJ11: 0.00033 | AK11: 3e-05 | AL11: 0 | AM11: 0 | AN11: 0 | AO11: 0 | AP11: 0 | AQ11: 0.07448 | AR11: 0.34591 | AS11: 0.16779 | AT11: 0 | AU11: 0 | AV11: 0.44462 | AW11: 0.13379 | AX11: 0.01415 | AY11: 0.00231 | AZ11: 0.0005 | BA11: 8e-05 | BB11: 1e-05 | BC11: 0 | BD11: 0 | BE11: 0 | BF11: 0 | BG11: 0.0022 | BH11: 0.07217 | BI11: 0 | BJ11: 0.0022 | BK11: 0.02584 | BL11: 1e-05 | BM11: 5e-05 | BN11: 2e-05 | BO11: 0 | BP11: 0.00047 | BQ11: 7 | BR11: 4.9286768 | BS11: 2.922544 | BT11: 2.8257568 | BU11: 5.2982275 | BV11: 5.8613525 | BW11: 6.6708447 | BX11: 7.524331 | BY11: 8.1138525 | BZ11: 8.3074268 | CA11: 8.4746045 | CB11: 8.6153857 | CC11: 8.7385693 | CD11: 8.8441553 | CE11: 8.9321435 | CF11: 0 | CG11: 1828.9085 | CH11: 1479.7482 | CI11: 2.33742 | CJ11: 6.9678 | CK11: 0.95192 | CL11: 10.25715 | CM11: 4.53905 | CN11: 92.41688 | CO11: 0 | CP11: 0 | CQ11: 0.98516 | CR11: 5.13859 | CS11: 0.10083 | CT11: 2.87855 | CU11: 42.0711 | CV11: 6.85839 | CW11: 0 | CX11: 1 | CY11: 0.02713 | CZ11: 0.16197 | DA11: 0.0005 | DB11: 0 | DC11: 0 | DD11: 1 | DE11: 0 | DF11: 0.06257 | DG11: 0.05178 | DH11: 0 | DI11: 0.05349 | DJ11: 0 | DK11: 81.77371 | DL11: 13.8556 | DM11: 2.31198 | DN11: 0.20516 | DO11: 0.0061 | DP11: 0.02337 | DQ11: 0.00014 | DR11: 0 | DS11: 3.1983 | DT11: 4.06675 | DU11: 0.00232 | DV11: 124.12664 | DW11: 0.0025989019 | DX11: 0 | DY11: 2.0106 | DZ11: 1 | EA11: 78.81238 | EB11: 71.5672 | EC11: 0.20247 | ED11: 0 | EE11: 1.80782 | EF11: 0.42514 | EG11: 16.48812 | EH11: 0.01517 | EI11: 0.21778 | EJ11: 63.08244 | EK11: 15.59967 | EL11: 0.01403 | EM11: 0.00124 | EN11: 0.10885 | EO11: 84.26891 | EP11: 0.00607 | EQ11: 0.20351 | ER11: 0.01006 | ES11: 2.76057 | ET11: 6.92708 | EU11: 100 | EV11: 1351.7961 | EW11: Nan | EX11: 0 | EY11: 1.00117
A12: 11 | B12: 0 | C12: 9.7272454 | D12: 22.169302 | E12: 6.3821844 | F12: 21.245843 | G12: 23.141267 | H12: 25.285405 | I12: 23.485719 | J12: 22.510312 | K12: 22.770063 | L12: 21.173379 | M12: 20.373994 | N12: 19.716778 | O12: 19.101683 | P12: 18.524627 | Q12: 874.71651 | R12: 0 | S12: 237.32907 | T12: 0.4903 | U12: 9.49627 | V12: 4.18267 | W12: 22.87899 | X12: 0.02901 | Y12: 1.52224 | Z12: 10.35629 | AA12: 5.38156 | AB12: 2.25437 | AC12: 5.74367 | AD12: 0.29134 | AE12: 0.08047 | AF12: 0.29076 | AG12: 0.15754 | AH12: 0.03771 | AI12: 0.00505 | AJ12: 0.00056 | AK12: 6e-05 | AL12: 0 | AM12: 0 | AN12: 0 | AO12: 0 | AP12: 0 | AQ12: 0.07448 | AR12: 0.38145 | AS12: 0.21154 | AT12: 0 | AU12: 0 | AV12: 0.49471 | AW12: 0.16664 | AX12: 0.01686 | AY12: 0.00269 | AZ12: 0.00063 | BA12: 0.00012 | BB12: 1e-05 | BC12: 0 | BD12: 0 | BE12: 0 | BF12: 0 | BG12: 0.0022 | BH12: 0.07217 | BI12: 0 | BJ12: 0.0022 | BK12: 0.02708 | BL12: 1e-05 | BM12: 5e-05 | BN12: 3e-05 | BO12: 0 | BP12: 0.00052 | BQ12: 7 | BR12: 4.9286768 | BS12: 2.9753369 | BT12: 2.7377686 | BU12: 5.7909619 | BV12: 5.8965479 | BW12: 6.6444482 | BX12: 7.4803369 | BY12: 8.1050537 | BZ12: 8.3074268 | CA12: 8.4746045 | CB12: 8.6153857 | CC12: 8.7385693 | CD12: 8.8441553 | CE12: 8.9321435 | CF12: 0 | CG12: 1778.9518 | CH12: 1660.3003 | CI12: 1.27674 | CJ12: 7.78331 | CK12: 2.27926 | CL12: 11.33931 | CM12: 4.67621 | CN12: 99.78186 | CO12: 0 | CP12: 0 | CQ12: 1.14935 | CR12: 5.82413 | CS12: 0.03484 | CT12: 2.83456 | CU12: 107.10136 | CV12: 1.91052 | CW12: 0 | CX12: 1 | CY12: 0.03347 | CZ12: 0.18168 | DA12: 0.00059 | DB12: 0 | DC12: 0 | DD12: 1 | DE12: 0 | DF12: 0.06253 | DG12: 0.05824 | DH12: 1e-05 | DI12: 0.06098 | DJ12: 1e-05 | DK12: 84.24467 | DL12: 14.9598 | DM12: 2.96162 | DN12: 0.19709 | DO12: 0.00755 | DP12: 0.0234 | DQ12: 0.00018 | DR12: 17.38461 | DS12: 3.24304 | DT12: 4.11806 | DU12: 0.00243 | DV12: 138.18851 | DW12: 0.0026045541 | DX12: 0 | DY12: 2.06902 | DZ12: 1 | EA12: 70.18966 | EB12: 67.45823 | EC12: 0.2068 | ED12: 0 | EE12: 2.06953 | EF12: 0.41774 | EG12: 18.40304 | EH12: 0.01725 | EI12: 0.24049 | EJ12: 69.83062 | EK12: 15.54025 | EL12: 0.01405 | EM12: 0.00127 | EN12: 0.11353 | EO12: 84.47373 | EP12: 0.00606 | EQ12: 0.20302 | ER12: 0.01017 | ES12: 2.61466 | ET12: 5.66427 | EU12: 100 | EV12: 1626.3524 | EW12: Nan | EX12: 0 | EY12: 1.04643
A13: 12 | B13: 0 | C13: 10.186339 | D13: 46.311346 | E13: 10.451536 | F13: 20.705647 | G13: 23.480032 | H13: 25.501537 | I13: 23.571919 | J13: 22.532893 | K13: 23.065096 | L13: 21.226098 | M13: 20.370193 | N13: 19.70387 | O13: 19.087335 | P13: 18.509255 | Q13: 875.73006 | R13: 0 | S13: 237.75387 | T13: 0.56605 | U13: 11.78391 | V13: 3.65486 | W13: 25.59842 | X13: 0.04561 | Y13: 1.52225 | Z13: 12.13116 | AA13: 5.46595 | AB13: 2.31064 | AC13: 5.65163 | AD13: 0.64757 | AE13: 0.13399 | AF13: 0.29788 | AG13: 0.18393 | AH13: 0.04889 | AI13: 0.0072 | AJ13: 0.00087 | AK13: 0.0001 | AL13: 1e-05 | AM13: 0 | AN13: 0 | AO13: 0 | AP13: 0 | AQ13: 0.07448 | AR13: 0.41363 | AS13: 0.25717 | AT13: 0 | AU13: 0 | AV13: 0.54101 | AW13: 0.20239 | AX13: 0.01976 | AY13: 0.00308 | AZ13: 0.00077 | BA13: 0.00017 | BB13: 2e-05 | BC13: 0 | BD13: 0 | BE13: 0 | BF13: 0 | BG13: 0.0022 | BH13: 0.07217 | BI13: 0 | BJ13: 0.0022 | BK13: 0.02818 | BL13: 1e-05 | BM13: 5e-05 | BN13: 4e-05 | BO13: 0 | BP13: 0.00057 | BQ13: 7 | BR13: 4.9286768 | BS13: 2.7993604 | BT13: 2.7553662 | BU13: 5.6149854 | BV13: 5.9229443 | BW13: 6.6180518 | BX13: 7.4363428 | BY13: 8.0962549 | BZ13: 8.3074268 | CA13: 8.4746045 | CB13: 8.6241846 | CC13: 8.7385693 | CD13: 8.8441553 | CE13: 8.9321435 | CF13: 0 | CG13: 1859.539 | CH13: 1675.6046 | CI13: 9.04356 | CJ13: 1.56557 | CK13: 1.61848 | CL13: 12.22761 | CM13: 4.81346 | CN13: 108.31716 | CO13: 0 | CP13: 0 | CQ13: 1.27234 | CR13: 6.35188 | CS13: 0.07883 | CT13: 2.81696 | CU13: 91.02926 | CV13: 4.08978 | CW13: 0 | CX13: 1 | CY13: 0.04001 | CZ13: 0.20196 | DA13: 0.00069 | DB13: 0 | DC13: 0 | DD13: 1 | DE13: 0 | DF13: 0.06248 | DG13: 0.06454 | DH13: 1e-05 | DI13: 0.06674 | DJ13: 1e-05 | DK13: 86.71731 | DL13: 16.23945 | DM13: 3.47929 | DN13: 0.19299 | DO13: 0.00909 | DP13: 0.02344 | DQ13: 0.00022 | DR13: 0 | DS13: 3.2947 | DT13: 4.1776 | DU13: 0.00253 | DV13: 146.12187 | DW13: 0.0026103756 | DX13: 0 | DY13: 2.12321 | DZ13: 1 | EA13: 62.01899 | EB13: 63.39554 | EC13: 0.21066 | ED13: 0 | EE13: 1.8246 | EF13: 0.41903 | EG13: 20.29874 | EH13: 0.01938 | EI13: 0.26332 | EJ13: 76.58871 | EK13: 15.47734 | EL13: 0.01408 | EM13: 0.00131 | EN13: 0.11777 | EO13: 84.68261 | EP13: 0.00605 | EQ13: 0.20249 | ER13: 0.01026 | ES13: 2.48205 | ET13: 4.63167 | EU13: 100 | EV13: 1901.9087 | EW13: Nan | EX13: 0 | EY13: 1.0495
A14: 13 | B14: 0 | C14: 10.784229 | D14: 99.70304 | E14: 3.9870292 | F14: 21.057272 | G14: 23.742434 | H14: 25.704519 | I14: 23.665965 | J14: 22.560721 | K14: 23.380198 | L14: 21.291255 | M14: 20.368707 | N14: 19.690385 | O14: 19.071953 | P14: 18.49289 | Q14: 876.71269 | R14: 0 | S14: 239.0263 | T14: 0.6403 | U14: 14.21558 | V14: 4.08324 | W14: 28.17965 | X14: 0.06846 | Y14: 1.52225 | Z14: 13.97582 | AA14: 5.66279 | AB14: 2.44186 | AC14: 5.56749 | AD14: 1.39544 | AE14: 0.04868 | AF14: 0.3169 | AG14: 0.20988 | AH14: 0.06133 | AI14: 0.00983 | AJ14: 0.00129 | AK14: 0.00016 | AL14: 1e-05 | AM14: 0 | AN14: 0 | AO14: 0 | AP14: 0 | AQ14: 0.07448 | AR14: 0.44269 | AS14: 0.30368 | AT14: 0 | AU14: 0 | AV14: 0.58349 | AW14: 0.24039 | AX14: 0.02284 | AY14: 0.00347 | AZ14: 0.0009 | BA14: 0.00022 | BB14: 3e-05 | BC14: 0 | BD14: 0 | BE14: 0 | BF14: 0 | BG14: 0.0022 | BH14: 0.07217 | BI14: 0 | BJ14: 0.0022 | BK14: 0.02916 | BL14: 1e-05 | BM14: 5e-05 | BN14: 5e-05 | BO14: 0 | BP14: 0.00061 | BQ14: 7 | BR14: 4.9286768 | BS14: 2.9401416 | BT14: 2.764165 | BU14: 5.4566064 | BV14: 5.9493408 | BW14: 6.6004541 | BX14: 7.3835498 | BY14: 8.0962549 | BZ14: 8.3074268 | CA14: 8.4834033 | CB14: 8.6241846 | CC14: 8.7473682 | CD14: 8.8441553 | CE14: 8.9321435 | CF14: 0 | CG14: 1807.8599 | CH14: 1512.3318 | CI14: 3.09297 | CJ14: 8.96007 | CK14: 0.99668 | CL14: 13.04972 | CM14: 4.94551 | CN14: 117.94844 | CO14: 0 | CP14: 0 | CQ14: 1.4392 | CR14: 7.05382 | CS14: 0.07737 | CT14: 2.76417 | CU14: 54.75178 | CV14: 8.53418 | CW14: 0 | CX14: 1 | CY14: 0.04662 | CZ14: 0.22239 | DA14: 0.00079 | DB14: 0 | DC14: 0 | DD14: 1 | DE14: 0 | DF14: 0.06244 | DG14: 0.07084 | DH14: 1e-05 | DI14: 0.07217 | DJ14: 1e-05 | DK14: 89.09622 | DL14: 17.68342 | DM14: 4.21075 | DN14: 0.18728 | DO14: 0.01069 | DP14: 0.02347 | DQ14: 0.00025 | DR14: 0 | DS14: 3.35224 | DT14: 4.24437 | DU14: 0.00262 | DV14: 161.19858 | DW14: 0.0026163633 | DX14: 0 | DY14: 2.17167 | DZ14: 1 | EA14: 54.42676 | EB14: 59.46539 | EC14: 0.21415 | ED14: 0 | EE14: 1.8085 | EF14: 0.42055 | EG14: 22.22932 | EH14: 0.02157 | EI14: 0.28625 | EJ14: 83.33925 | EK14: 15.41141 | EL14: 0.0141 | EM14: 0.00135 | EN14: 0.12166 | EO14: 84.89515 | EP14: 0.00605 | EQ14: 0.20191 | ER14: 0.01036 | ES14: 2.37573 | ET14: 3.78731 | EU14: 100 | EV14: 2177.4963 | EW14: Nan | EX14: 0 | EY14: 1.05364
A15: 14 | B15: 0 | C15: 11.323706 | D15: 28.345636 | E15: 7.4005797 | F15: 20.874386 | G15: 23.935784 | H15: 25.889198 | I15: 23.765666 | J15: 22.593869 | K15: 23.7101 | L15: 21.368838 | M15: 20.370169 | N15: 19.67666 | O15: 19.055735 | P15: 18.475688 | Q15: 877.66873 | R15: 0 | S15: 239.71609 | T15: 0.7132 | U15: 16.77161 | V15: 4.07679 | W15: 29.17988 | X15: 0.09879 | Y15: 1.52226 | Z15: 15.88377 | AA15: 5.79645 | AB15: 2.53097 | AC15: 5.49149 | AD15: 0.40004 | AE15: 0.09978 | AF15: 0.32736 | AG15: 0.23506 | AH15: 0.07491 | AI15: 0.01295 | AJ15: 0.00183 | AK15: 0.00025 | AL15: 2e-05 | AM15: 0 | AN15: 0 | AO15: 0 | AP15: 0 | AQ15: 0.07448 | AR15: 0.46888 | AS15: 0.35027 | AT15: 0 | AU15: 0 | AV15: 0.62223 | AW15: 0.28003 | AX15: 0.02608 | AY15: 0.00387 | AZ15: 0.00103 | BA15: 0.00029 | BB15: 4e-05 | BC15: 1e-05 | BD15: 0 | BE15: 0 | BF15: 0 | BG15: 0.0022 | BH15: 0.07217 | BI15: 0 | BJ15: 0.0022 | BK15: 0.03004 | BL15: 1e-05 | BM15: 5e-05 | BN15: 6e-05 | BO15: 0 | BP15: 0.00067 | BQ15: 7 | BR15: 4.9286768 | BS15: 2.8873486 | BT15: 2.6585791 | BU15: 5.7821631 | BV15: 5.9669385 | BW15: 6.5828565 | BX15: 7.321958 | BY15: 8.0874561 | BZ15: 8.2986279 | CA15: 8.4834033 | CB15: 8.6241846 | CC15: 8.7473682 | CD15: 8.8529541 | CE15: 8.9409424 | CF15: 0 | CG15: 1810.2621 | CH15: 1705.9459 | CI15: 1.58032 | CJ15: 9.72263 | CK15: 2.64533 | CL15: 13.94828 | CM15: 5.06812 | CN15: 128.5145 | CO15: 0 | CP15: 0 | CQ15: 1.59405 | CR15: 7.68096 | CS15: 0.03631 | CT15: 2.72897 | CU15: 136.43461 | CV15: 2.44394 | CW15: 0 | CX15: 1 | CY15: 0.05317 | CZ15: 0.24262 | DA15: 0.0009 | DB15: 0 | DC15: 0 | DD15: 1 | DE15: 0 | DF15: 0.06239 | DG15: 0.07681 | DH15: 1e-05 | DI15: 0.07941 | DJ15: 2e-05 | DK15: 91.30512 | DL15: 19.26754 | DM15: 4.90374 | DN15: 0.18294 | DO15: 0.01235 | DP15: 0.02351 | DQ15: 0.00029 | DR15: 16.4439 | DS15: 3.41428 | DT15: 4.31696 | DU15: 0.00269 | DV15: 175.68568 | DW15: 0.0026225082 | DX15: 0 | DY15: 2.21201 | DZ15: 1 | EA15: 47.49044 | EB15: 55.71498 | EC15: 0.21737 | ED15: 0 | EE15: 2.07627 | EF15: 0.4218 | EG15: 24.15581 | EH15: 0.02382 | EI15: 0.30927 | EJ15: 90.09302 | EK15: 15.34278 | EL15: 0.01413 | EM15: 0.00139 | EN15: 0.12528 | EO15: 85.11103 | EP15: 0.00605 | EQ15: 0.20131 | ER15: 0.01044 | ES15: 2.2977 | ET15: 3.09688 | EU15: 100 | EV15: 2453.3547 | EW15: Nan | EX15: 0 | EY15: 1.05886
... A37: 36 | B37: 0 | C37: 0.90611669 | D37: 140.14114 | E37: 25.195906 | F37: 21.96261 | G37: 24.882507 | H37: 25.506934 | I37: 24.293146 | J37: 23.378282 | K37: 30.615729 | L37: 25.19688 | M37: 21.698254 | N37: 19.811701 | O37: 18.76464 | P37: 18.055458 | Q37: 895.79123 | R37: 0 | S37: 254.16614 | T37: 1.83652 | U37: 79.04208 | V37: 2.81508 | W37: 50.39227 | X37: 3.90072 | Y37: 1.52235 | Z37: 67.93534 | AA37: 7.16073 | AB37: 3.44049 | AC37: 4.62484 | AD37: 1.5242 | AE37: 0.2647 | AF37: 0.35934 | AG37: 0.53516 | AH37: 0.45928 | AI37: 0.18861 | AJ37: 0.05829 | AK37: 0.02236 | AL37: 0.00452 | AM37: 0.00077 | AN37: 0.00012 | AO37: 2e-05 | AP37: 0 | AQ37: 0.07448 | AR37: 0.67926 | AS37: 1.10571 | AT37: 0 | AU37: 0 | AV37: 0.80794 | AW37: 0.82167 | AX37: 0.08497 | AY37: 0.01037 | AZ37: 0.00416 | BA37: 0.00355 | BB37: 0.00149 | BC37: 0.00055 | BD37: 0.00018 | BE37: 4e-05 | BF37: 1e-05 | BG37: 0.0022 | BH37: 0.07218 | BI37: 0 | BJ37: 0.0022 | BK37: 0.0377 | BL37: 0.00015 | BM37: 5e-05 | BN37: 0.00068 | BO37: 0 | BP37: 0.00192 | BQ37: 7 | BR37: 6.2748975 | BS37: 2.1218506 | BT37: 2.4562061 | BU37: 5.3158252 | BV37: 6.0109326 | BW37: 6.4596728 | BX37: 6.8028271 | BY37: 7.1811768 | BZ37: 7.9818701 | CA37: 8.3778174 | CB37: 8.6329834 | CC37: 8.8001611 | CD37: 8.9145459 | CE37: 9.0025342 | CF37: 0 | CG37: 2309.339 | CH37: 1938.7482 | CI37: 9.17637 | CJ37: 1.66237 | CK37: 1.34745 | CL37: 12.18619 | CM37: 6.69937 | CN37: 463.09796 | CO37: 0 | CP37: 0 | CQ37: 3.7506 | CR37: 10.11088 | CS37: 0.13749 | CT37: 2.18344 | CU37: 271.16049 | CV37: 1.3544 | CW37: 0 | CX37: 1 | CY37: 0.12721 | CZ37: 0.46476 | DA37: 0.00314 | DB37: 0 | DC37: 0 | DD37: 1 | DE37: 0 | DF37: 0.06119 | DG37: 0.10104 | DH37: 0.00031 | DI37: 0.09891 | DJ37: 0.00033 | DK37: 120.69307 | DL37: 69.42998 | DM37: 15.43834 | DN37: 0.14447 | DO37: 0.04571 | DP37: 0.02169 | DQ37: 0.00117 | DR37: 0 | DS37: 4.43381 | DT37: 6.11447 | DU37: 0.00338 | DV37: 434.99035 | DW37: 0.0027861426 | DX37: 0 | DY37: 2.61018 | DZ37: 0 | EA37: 1.83546 | EB37: 12.84521 | EC37: 0.24382 | ED37: 0 | EE37: 1.85426 | EF37: 0.19051 | EG37: 66.63391 | EH37: 0.08149 | EI37: 0.83025 | EJ37: 194.78327 | EK37: 13.5628 | EL37: 0.01438 | EM37: 0.00208 | EN37: 0.16241 | EO37: 90.32861 | EP37: 0.00608 | EQ37: 0.18601 | ER37: 0.01139 | ES37: 2.27039 | ET37: 0.03698 | EU37: 100 | EV37: 6892.3569 | EW37: Nan | EX37: 0 | EY37: 1.4824
A38: 37 | B38: 0 | C38: 0.90611669 | D38: 281.883 | E38: 7.2448128 | F38: 23.008651 | G38: 25.15504 | H38: 25.544265 | I38: 24.250002 | J38: 23.364142 | K38: 30.83335 | L38: 25.412003 | M38: 21.820016 | N38: 19.853332 | O38: 18.765032 | P38: 18.040037 | Q38: 896.55709 | R38: 0 | S38: 256.04587 | T38: 1.84457 | U38: 80.89383 | V38: 3.14018 | W38: 50.49618 | X38: 4.19723 | Y38: 1.52237 | Z38: 70.56088 | AA38: 7.40374 | AB38: 3.60249 | AC38: 4.62251 | AD38: 2.96551 | AE38: 0.07139 | AF38: 0.36158 | AG38: 0.53593 | AH38: 0.47164 | AI38: 0.19873 | AJ38: 0.06284 | AK38: 0.02478 | AL38: 0.00513 | AM38: 0.0009 | AN38: 0.00014 | AO38: 2e-05 | AP38: 0 | AQ38: 0.07448 | AR38: 0.68128 | AS38: 1.11953 | AT38: 0 | AU38: 0 | AV38: 0.7955 | AW38: 0.80319 | AX38: 0.08196 | AY38: 0.01032 | AZ38: 0.00425 | BA38: 0.00374 | BB38: 0.00159 | BC38: 0.0006 | BD38: 0.0002 | BE38: 5e-05 | BF38: 1e-05 | BG38: 0.0022 | BH38: 0.07218 | BI38: 0 | BJ38: 0.0022 | BK38: 0.03749 | BL38: 0.00017 | BM38: 5e-05 | BN38: 0.00072 | BO38: 0 | BP38: 0.00199 | BQ38: 7 | BR38: 6.2748975 | BS38: 2.1570459 | BT38: 2.4386084 | BU38: 4.9990674 | BV38: 6.0021338 | BW38: 6.4596728 | BX38: 6.7940283 | BY38: 7.1635791 | BZ38: 7.9290772 | CA38: 8.3602197 | CB38: 8.6241846 | CC38: 8.8001611 | CD38: 8.9145459 | CE38: 9.0025342 | CF38: 0 | CG38: 2279.8605 | CH38: 1872.7985 | CI38: 2.68321 | CJ38: 8.29382 | CK38: 0.65641 | CL38: 11.63343 | CM38: 6.69808 | CN38: 472.46969 | CO38: 0 | CP38: 0 | CQ38: 3.76047 | CR38: 9.68432 | CS38: 0.14629 | CT38: 2.12185 | CU38: 156.30947 | CV38: 2.11294 | CW38: 0 | CX38: 1 | CY38: 0.12454 | CZ38: 0.45681 | DA38: 0.00303 | DB38: 0 | DC38: 0 | DD38: 1 | DE38: 0 | DF38: 0.06114 | DG38: 0.09726 | DH38: 0.00034 | DI38: 0.09466 | DJ38: 0.00035 | DK38: 120.66988 | DL38: 70.83504 | DM38: 15.66268 | DN38: 0.1423 | DO38: 0.04652 | DP38: 0.0214 | DQ38: 0.00121 | DR38: 0 | DS38: 4.42111 | DT38: 6.17032 | DU38: 0.00336 | DV38: 460.86634 | DW38: 0.0027943724 | DX38: 0 | DY38: 2.60581 | DZ38: 0 | EA38: 1.65982 | EB38: 12.01511 | EC38: 0.24334 | ED38: 0 | EE38: 1.83592 | EF38: 0.19051 | EG38: 68.56526 | EH38: 0.08427 | EI38: 0.8543 | EJ38: 197.83135 | EK38: 13.48484 | EL38: 0.01438 | EM38: 0.00207 | EN38: 0.1624 | EO38: 90.57218 | EP38: 0.00607 | EQ38: 0.18533 | ER38: 0.0114 | ES38: 2.3159 | ET38: 0.03024 | EU38: 100 | EV38: 7015.8365 | EW38: 0.45499 | EX38: 0 | EY38: 1.56391
A39: 38 | B39: 0 | C39: 0.90611669 | D39: 75.52451 | E39: 14.796835 | F39: 23.554743 | G39: 25.464451 | H39: 25.616197 | I39: 24.214731 | J39: 23.346671 | K39: 31.039432 | L39: 25.626024 | M39: 21.945976 | N39: 19.898811 | O39: 18.767455 | P39: 18.025415 | Q39: 897.32095 | R39: 0 | S39: 257.49991 | T39: 1.84831 | U39: 82.56835 | V39: 3.14899 | W39: 49.46289 | X39: 4.49728 | Y39: 1.52238 | Z39: 73.18572 | AA39: 7.51484 | AB39: 3.67656 | AC39: 4.62461 | AD39: 0.76251 | AE39: 0.14753 | AF39: 0.35833 | AG39: 0.53588 | AH39: 0.48288 | AI39: 0.20866 | AJ39: 0.06747 | AK39: 0.02734 | AL39: 0.0058 | AM39: 0.00104 | AN39: 0.00016 | AO39: 2e-05 | AP39: 0 | AQ39: 0.07448 | AR39: 0.68298 | AS39: 1.12995 | AT39: 0 | AU39: 0 | AV39: 0.78212 | AW39: 0.78031 | AX39: 0.07851 | AY39: 0.01024 | AZ39: 0.00434 | BA39: 0.00393 | BB39: 0.0017 | BC39: 0.00065 | BD39: 0.00022 | BE39: 6e-05 | BF39: 1e-05 | BG39: 0.0022 | BH39: 0.07218 | BI39: 0 | BJ39: 0.0022 | BK39: 0.03723 | BL39: 0.00018 | BM39: 5e-05 | BN39: 0.00076 | BO39: 0 | BP39: 0.00206 | BQ39: 7 | BR39: 6.2748975 | BS39: 2.1658447 | BT39: 2.2274365 | BU39: 5.5006006 | BV39: 5.993335 | BW39: 6.4596728 | BX39: 6.7940283 | BY39: 7.1459814 | BZ39: 7.8762842 | CA39: 8.3426221 | CB39: 8.6241846 | CC39: 8.8001611 | CD39: 8.9145459 | CE39: 9.0025342 | CF39: 0 | CG39: 2272.3673 | CH39: 2141.6834 | CI39: 1.30358 | CJ39: 7.93952 | CK39: 1.90562 | CL39: 11.14873 | CM39: 6.68652 | CN39: 479.49964 | CO39: 0 | CP39: 0 | CQ39: 3.75968 | CR39: 9.27804 | CS39: 0.08323 | CT39: 2.11305 | CU39: 366.58506 | CV39: 0.33939 | CW39: 0 | CX39: 1 | CY39: 0.12128 | CZ39: 0.44719 | DA39: 0.00289 | DB39: 0 | DC39: 0 | DD39: 1 | DE39: 0 | DF39: 0.0611 | DG39: 0.09278 | DH39: 0.00036 | DI39: 0.0914 | DJ39: 0.00037 | DK39: 120.46153 | DL39: 71.889 | DM39: 15.81933 | DN39: 0.14016 | DO39: 0.04722 | DP39: 0.02108 | DQ39: 0.00124 | DR39: 20.27422 | DS39: 4.40081 | DT39: 6.22025 | DU39: 0.00334 | DV39: 472.82669 | DW39: 0.0028025946 | DX39: 0 | DY39: 2.59579 | DZ39: 0 | EA39: 1.52425 | EB39: 11.23865 | EC39: 0.24276 | ED39: 0 | EE39: 2.03392 | EF39: 0.19051 | EG39: 70.49256 | EH39: 0.08704 | EI39: 0.87837 | EJ39: 200.87943 | EK39: 13.40818 | EL39: 0.01437 | EM39: 0.00206 | EN39: 0.16228 | EO39: 90.81522 | EP39: 0.00607 | EQ39: 0.18466 | ER39: 0.01141 | ES39: 2.36787 | ET39: 0.02473 | EU39: 100 | EV39: 7134.3192 | EW39: 0.41708 | EX39: 0 | EY39: 1.57278
A40: 39 | B40: 0 | C40: 0.90611669 | D40: 150.25075 | E40: 26.648907 | F40: 23.472389 | G40: 25.837978 | H40: 25.725717 | I40: 24.189906 | J40: 23.326939 | K40: 31.234072 | L40: 25.838444 | M40: 22.075873 | N40: 19.948155 | O40: 18.771999 | P40: 18.011657 | Q40: 898.08304 | R40: 0 | S40: 258.43313 | T40: 1.84778 | U40: 84.06088 | V40: 2.74351 | W40: 49.51017 | X40: 4.79964 | Y40: 1.5224 | Z40: 75.80706 | AA40: 7.44662 | AB40: 3.63108 | AC40: 4.63045 | AD40: 1.50036 | AE40: 0.25875 | AF40: 0.34866 | AG40: 0.53536 | AH40: 0.49297 | AI40: 0.21835 | AJ40: 0.07217 | AK40: 0.03004 | AL40: 0.00653 | AM40: 0.00119 | AN40: 0.00019 | AO40: 3e-05 | AP40: 0 | AQ40: 0.07448 | AR40: 0.68435 | AS40: 1.13713 | AT40: 0 | AU40: 0 | AV40: 0.7685 | AW40: 0.75372 | AX40: 0.07483 | AY40: 0.01016 | AZ40: 0.00442 | BA40: 0.00412 | BB40: 0.00181 | BC40: 0.0007 | BD40: 0.00025 | BE40: 7e-05 | BF40: 2e-05 | BG40: 0.0022 | BH40: 0.07218 | BI40: 0 | BJ40: 0.0022 | BK40: 0.03693 | BL40: 0.0002 | BM40: 5e-05 | BN40: 0.0008 | BO40: 0 | BP40: 0.00214 | BQ40: 7 | BR40: 6.2748975 | BS40: 2.1130518 | BT40: 2.4386084 | BU40: 5.1662451 | BV40: 5.9757373 | BW40: 6.4596728 | BX40: 6.7940283 | BY40: 7.1371826 | BZ40: 7.8234912 | CA40: 8.3338232 | CB40: 8.6153857 | CC40: 8.8001611 | CD40: 8.9145459 | CE40: 9.0025342 | CF40: 0 | CG40: 2329.2825 | CH40: 1977.627 | CI40: 8.01373 | CJ40: 1.44937 | CK40: 1.17594 | CL40: 10.63904 | CM40: 6.66479 | CN40: 484.03409 | CO40: 0 | CP40: 0 | CQ40: 3.7526 | CR40: 8.93296 | CS40: 0.16389 | CT40: 2.16584 | CU40: 290.18621 | CV40: 0.44691 | CW40: 0 | CX40: 1 | CY40: 0.11755 | CZ40: 0.43626 | DA40: 0.00275 | DB40: 0 | DC40: 0 | DD40: 1 | DE40: 0 | DF40: 0.06106 | DG40: 0.08919 | DH40: 0.00038 | DI40: 0.08707 | DJ40: 0.0004 | DK40: 120.07005 | DL40: 72.56883 | DM40: 15.90434 | DN40: 0.13875 | DO40: 0.04781 | DP40: 0.02075 | DQ40: 0.00128 | DR40: 0 | DS40: 4.3731 | DT40: 6.26384 | DU40: 0.00331 | DV40: 465.65404 | DW40: 0.0028107967 | DX40: 0 | DY40: 2.58702 | DZ40: 0 | EA40: 1.42364 | EB40: 10.51238 | EC40: 0.24207 | ED40: 0 | EE40: 1.8573 | EF40: 0.19051 | EG40: 72.40553 | EH40: 0.08981 | EI40: 0.90246 | EJ40: 203.92751 | EK40: 13.33291 | EL40: 0.01437 | EM40: 0.00204 | EN40: 0.16204 | EO40: 91.05762 | EP40: 0.00607 | EQ40: 0.18399 | ER40: 0.01141 | ES40: 2.41939 | ET40: 0.02022 | EU40: 100 | EV40: 7248.0176 | EW40: 0.44003 | EX40: 0 | EY40: 1.57992
A41: 40 | B41: 0 | C41: 0.90611669 | D41: 301.10508 | E41: 7.5897442 | F41: 24.724628 | G41: 26.250171 | H41: 25.875698 | I41: 24.178073 | J41: 23.306145 | K41: 31.417473 | L41: 26.048799 | M41: 22.209435 | N41: 20.001367 | O41: 18.778752 | P41: 17.998829 | Q41: 898.84355 | R41: 0 | S41: 260.78937 | T41: 1.84306 | U41: 85.36785 | V41: 3.08156 | W41: 49.54361 | X41: 5.10312 | Y41: 1.52242 | Z41: 78.42237 | AA41: 7.70407 | AB41: 3.80271 | AC41: 4.638 | AD41: 2.91478 | AE41: 0.06969 | AF41: 0.35193 | AG41: 0.53436 | AH41: 0.50192 | AI41: 0.22776 | AJ41: 0.07692 | AK41: 0.03287 | AL41: 0.00731 | AM41: 0.00137 | AN41: 0.00022 | AO41: 3e-05 | AP41: 0 | AQ41: 0.07448 | AR41: 0.68543 | AS41: 1.14133 | AT41: 0 | AU41: 0 | AV41: 0.75429 | AW41: 0.72421 | AX41: 0.07109 | AY41: 0.01007 | AZ41: 0.0045 | BA41: 0.00431 | BB41: 0.00191 | BC41: 0.00075 | BD41: 0.00027 | BE41: 8e-05 | BF41: 2e-05 | BG41: 0.0022 | BH41: 0.07218 | BI41: 0 | BJ41: 0.0022 | BK41: 0.0366 | BL41: 0.00022 | BM41: 5e-05 | BN41: 0.00084 | BO41: 0 | BP41: 0.00221 | BQ41: 7 | BR41: 6.2748975 | BS41: 2.1482471 | BT41: 2.4298096 | BU41: 4.9286768 | BV41: 5.9669385 | BW41: 6.4596728 | BX41: 6.7940283 | BY41: 7.1283838 | BZ41: 7.7794971 | CA41: 8.3162256 | CB41: 8.6065869 | CC41: 8.7913623 | CD41: 8.9233447 | CE41: 9.011333 | CF41: 0 | CG41: 2299.8787 | CH41: 1916.2391 | CI41: 2.35032 | CJ41: 7.22593 | CK41: 0.57387 | CL41: 10.15012 | CM41: 6.63317 | CN41: 485.98836 | CO41: 0 | CP41: 0 | CQ41: 3.73361 | CR41: 8.47272 | CS41: 0.16976 | CT41: 2.11305 | CU41: 166.98469 | CV41: 0.38061 | CW41: 0 | CX41: 1 | CY41: 0.11349 | CZ41: 0.42441 | DA41: 0.0026 | DB41: 0 | DC41: 0 | DD41: 1 | DE41: 0 | DF41: 0.06102 | DG41: 0.08528 | DH41: 0.00041 | DI41: 0.08278 | DJ41: 0.00042 | DK41: 119.5005 | DL41: 72.86182 | DM41: 15.97614 | DN41: 0.13667 | DO41: 0.0483 | DP41: 0.02041 | DQ41: 0.00131 | DR41: 0 | DS41: 4.33828 | DT41: 6.30075 | DU41: 0.00328 | DV41: 492.3599 | DW41: 0.0028189663 | DX41: 0 | DY41: 2.57751 | DZ41: 0 | EA41: 1.35399 | EB41: 9.83303 | EC41: 0.24127 | ED41: 0 | EE41: 1.84498 | EF41: 0.19051 | EG41: 74.34117 | EH41: 0.09257 | EI41: 0.92655 | EJ41: 206.97559 | EK41: 13.25913 | EL41: 0.01436 | EM41: 0.00202 | EN41: 0.16169 | EO41: 91.29927 | EP41: 0.00607 | EQ41: 0.18333 | ER41: 0.01142 | ES41: 2.47216 | ET41: 0.01653 | EU41: 100 | EV41: 7357.1457 | EW41: 0.44366 | EX41: 0 | EY41: 1.58571
A42: 41 | B42: 0 | C42: 0.90611669 | D42: 80.391755 | E42: 15.557086 | F42: 25.433994 | G42: 26.709012 | H42: 26.068687 | I42: 24.181727 | J42: 23.285594 | K42: 31.589948 | L42: 26.256657 | M42: 22.346381 | N42: 20.058436 | O42: 18.787797 | P42: 17.986998 | Q42: 899.60268 | R42: 0 | S42: 262.70523 | T42: 1.83424 | U42: 86.48717 | V42: 3.10703 | W42: 48.48392 | X42: 5.4066 | Y42: 1.52244 | Z42: 81.02946 | AA42: 7.82033 | AB42: 3.88022 | AC42: 4.64868 | AD42: 0.74877 | AE42: 0.14369 | AF42: 0.34976 | AG42: 0.53286 | AH42: 0.50973 | AI42: 0.23685 | AJ42: 0.0817 | AK42: 0.03583 | AL42: 0.00816 | AM42: 0.00156 | AN42: 0.00026 | AO42: 4e-05 | AP42: 1e-05 | AQ42: 0.07448 | AR42: 0.68623 | AS42: 1.1429 | AT42: 0 | AU42: 0 | AV42: 0.73986 | AW42: 0.69267 | AX42: 0.06745 | AY42: 0.00999 | AZ42: 0.00457 | BA42: 0.00449 | BB42: 0.00202 | BC42: 0.0008 | BD42: 0.0003 | BE42: 9e-05 | BF42: 2e-05 | BG42: 0.0022 | BH42: 0.07218 | BI42: 0 | BJ42: 0.0022 | BK42: 0.03623 | BL42: 0.00023 | BM42: 5e-05 | BN42: 0.00087 | BO42: 0 | BP42: 0.00228 | BQ42: 7 | BR42: 6.2748975 | BS42: 2.1570459 | BT42: 2.2186377 | BU42: 5.3598193 | BV42: 5.9493408 | BW42: 6.4596728 | BX42: 6.7940283 | BY42: 7.119585 | BZ42: 7.7355029 | CA42: 8.2986279 | CB42: 8.5977881 | CC42: 8.7913623 | CD42: 8.9233447 | CE42: 9.011333 | CF42: 0 | CG42: 2292.8045 | CH42: 2173.3248 | CI42: 1.151 | CJ42: 6.91491 | CK42: 1.65658 | CL42: 9.72249 | CM42: 6.59211 | CN42: 485.35197 | CO42: 0 | CP42: 0 | CQ42: 3.70625 | CR42: 8.05695 | CS42: 0.1067 | CT42: 2.11305 | CU42: 390.62136 | CV42: 0 | CW42: 0 | CX42: 1 | CY42: 0.10923 | CZ42: 0.41207 | DA42: 0.00244 | DB42: 0 | DC42: 0 | DD42: 1 | DE42: 0 | DF42: 0.06099 | DG42: 0.08057 | DH42: 0.00043 | DI42: 0.07927 | DJ42: 0.00045 | DK42: 118.76081 | DL42: 72.76641 | DM42: 16.00057 | DN42: 0.13461 | DO42: 0.04868 | DP42: 0.02005 | DQ42: 0.00135 | DR42: 21.97225 | DS42: 4.29674 | DT42: 6.33068 | DU42: 0.00325 | DV42: 503.82788 | DW42: 0.0028270915 | DX42: 0 | DY42: 2.56332 | DZ42: 0 | EA42: 1.31223 | EB42: 9.19759 | EC42: 0.24038 | ED42: 0 | EE42: 2.03657 | EF42: 0.19051 | EG42: 76.27328 | EH42: 0.09532 | EI42: 0.95066 | EJ42: 210.02367 | EK42: 13.18693 | EL42: 0.01436 | EM42: 0.00199 | EN42: 0.16123 | EO42: 91.54008 | EP42: 0.00607 | EQ42: 0.18267 | ER42: 0.01142 | ES42: 2.52749 | ET42: 0.01352 | EU42: 100 | EV42: 7461.9192 | EW42: 0.40782 | EX42: 0 | EY42: 1.58999
A43: 42 | B43: 0 | C43: 0.90611669 | D43: 159.96756 | E43: 28.048189 | F43: 25.456042 | G43: 27.243478 | H43: 26.306559 | I43: 24.203303 | J43: 23.26669 | K43: 31.751918 | L43: 26.461628 | M43: 22.486424 | N43: 20.11934 | O43: 18.799211 | P43: 17.976231 | Q43: 900.36061 | R43: 0 | S43: 264.07082 | T43: 1.82147 | U43: 87.41823 | V43: 2.71835 | W43: 48.52066 | X43: 5.70903 | Y43: 1.52247 | Z43: 83.62664 | AA43: 7.74654 | AB43: 3.83103 | AC43: 4.66175 | AD43: 1.47342 | AE43: 0.25253 | AF43: 0.34121 | AG43: 0.5312 | AH43: 0.51645 | AI43: 0.2456 | AJ43: 0.08648 | AK43: 0.0389 | AL43: 0.00906 | AM43: 0.00176 | AN43: 0.0003 | AO43: 5e-05 | AP43: 1e-05 | AQ43: 0.07448 | AR43: 0.68677 | AS43: 1.14222 | AT43: 0 | AU43: 0 | AV43: 0.72602 | AW43: 0.65998 | AX43: 0.06403 | AY43: 0.00991 | AZ43: 0.00464 | BA43: 0.00467 | BB43: 0.00213 | BC43: 0.00086 | BD43: 0.00032 | BE43: 0.0001 | BF43: 3e-05 | BG43: 0.0022 | BH43: 0.07219 | BI43: 0 | BJ43: 0.0022 | BK43: 0.03585 | BL43: 0.00025 | BM43: 5e-05 | BN43: 0.00091 | BO43: 0 | BP43: 0.00235 | BQ43: 7 | BR43: 6.2748975 | BS43: 2.1042529 | BT43: 2.4210107 | BU43: 4.9990674 | BV43: 5.9317432 | BW43: 6.450874 | BX43: 6.7940283 | BY43: 7.1107861 | BZ43: 7.6915088 | CA43: 8.2810303 | CB43: 8.5889893 | CC43: 8.7913623 | CD43: 8.9233447 | CE43: 9.011333 | CF43: 0 | CG43: 2347.8695 | CH43: 2013.0711 | CI43: 6.98429 | CJ43: 1.26079 | CK43: 1.02638 | CL43: 9.27146 | CM43: 6.5422 | CN43: 482.18868 | CO43: 0 | CP43: 0 | CQ43: 3.67943 | CR43: 7.7173 | CS43: 0.17709 | CT43: 2.15705 | CU43: 308.45602 | CV43: 0 | CW43: 0 | CX43: 1 | CY43: 0.10491 | CZ43: 0.39964 | DA43: 0.0023 | DB43: 0 | DC43: 0 | DD43: 1 | DE43: 0 | DF43: 0.06096 | DG43: 0.07705 | DH43: 0.00045 | DI43: 0.07516 | DJ43: 0.00047 | DK43: 117.86155 | DL43: 72.29216 | DM43: 15.99502 | DN43: 0.13325 | DO43: 0.04896 | DP43: 0.01968 | DQ43: 0.00138 | DR43: 0 | DS43: 4.24898 | DT43: 6.35343 | DU43: 0.00322 | DV43: 495.09972 | DW43: 0.0028351609 | DX43: 0 | DY43: 2.55197 | DZ43: 0 | EA43: 1.29616 | EB43: 8.60321 | EC43: 0.23939 | ED43: 0 | EE43: 1.86037 | EF43: 0.19051 | EG43: 78.19083 | EH43: 0.09806 | EI43: 0.97479 | EJ43: 213.07175 | EK43: 13.11638 | EL43: 0.01435 | EM43: 0.00196 | EN43: 0.16066 | EO43: 91.77994 | EP43: 0.00607 | EQ43: 0.18203 | ER43: 0.01142 | ES43: 2.58198 | ET43: 0.01105 | EU43: 100 | EV43: 7562.5545 | EW43: 0.42925 | EX43: 0 | EY43: 1.59232
A44: 43 | B44: 0 | C44: 0.90611669 | D44: 319.4963 | E44: 7.943339 | F44: 26.928539 | G44: 27.824692 | H44: 26.591118 | I44: 24.245173 | J44: 23.250921 | K44: 31.903919 | L44: 26.663363 | M44: 22.629272 | N44: 20.184044 | O44: 18.813069 | P44: 17.966596 | Q44: 901.11753 | R44: 0 | S44: 267.00071 | T44: 1.80491 | U44: 88.16196 | V44: 3.0667 | W44: 48.56905 | X44: 6.00947 | Y44: 1.52251 | Z44: 86.21245 | AA44: 8.02009 | AB44: 4.01339 | AC44: 4.6751 | AD44: 2.85766 | AE44: 0.06808 | AF44: 0.34579 | AG44: 0.52935 | AH44: 0.52216 | AI44: 0.25398 | AJ44: 0.09126 | AK44: 0.04209 | AL44: 0.01003 | AM44: 0.00199 | AN44: 0.00034 | AO44: 5e-05 | AP44: 1e-05 | AQ44: 0.07448 | AR44: 0.68706 | AS44: 1.13973 | AT44: 0 | AU44: 0 | AV44: 0.71221 | AW44: 0.62691 | AX44: 0.0609 | AY44: 0.00985 | AZ44: 0.0047 | BA44: 0.00485 | BB44: 0.00224 | BC44: 0.00091 | BD44: 0.00035 | BE44: 0.00012 | BF44: 3e-05 | BG44: 0.00221 | BH44: 0.07219 | BI44: 0 | BJ44: 0.00221 | BK44: 0.03546 | BL44: 0.00026 | BM44: 5e-05 | BN44: 0.00095 | BO44: 0 | BP44: 0.00242 | BQ44: 7 | BR44: 6.2748975 | BS44: 2.1394482 | BT44: 2.4122119 | BU44: 4.8494873 | BV44: 5.9053467 | BW44: 6.450874 | BX44: 6.7940283 | BY44: 7.1107861 | BZ44: 7.6563135 | CA44: 8.2546338 | CB44: 8.5801904 | CC44: 8.7913623 | CD44: 8.9233447 | CE44: 9.011333 | CF44: 0 | CG44: 2318.3162 | CH44: 1961.5269 | CI44: 2.05564 | CJ44: 6.28055 | CK44: 0.50265 | CL44: 8.83884 | CM44: 6.48413 | CN44: 476.63161 | CO44: 0 | CP44: 0 | CQ44: 3.63428 | CR44: 7.28287 | CS44: 0.18295 | CT44: 2.11305 | CU44: 177.23084 | CV44: 0.02022 | CW44: 0 | CX44: 1 | CY44: 0.10063 | CZ44: 0.38746 | DA44: 0.00216 | DB44: 0 | DC44: 0 | DD44: 1 | DE44: 0 | DF44: 0.06093 | DG44: 0.07337 | DH44: 0.00048 | DI44: 0.07124 | DJ44: 0.0005 | DK44: 116.8155 | DL44: 71.45901 | DM44: 15.95902 | DN44: 0.13122 | DO44: 0.04914 | DP44: 0.0193 | DQ44: 0.00141 | DR44: 0 | DS44: 4.19557 | DT44: 6.36886 | DU44: 0.00318 | DV44: 522.55013 | DW44: 0.0028431642 | DX44: 0 | DY44: 2.54115 | DZ44: 0 | EA44: 1.30437 | EB44: 8.04725 | EC44: 0.23831 | ED44: 0 | EE44: 1.85018 | EF44: 0.19051 | EG44: 80.13136 | EH44: 0.10078 | EI44: 0.99893 | EJ44: 216.11983 | EK44: 13.04756 | EL44: 0.01434 | EM44: 0.00192 | EN44: 0.16 | EO44: 92.01876 | EP44: 0.00606 | EQ44: 0.18139 | ER44: 0.01141 | ES44: 2.6383 | ET44: 0.00904 | EU44: 100 | EV44: 7659.2661 | EW44: 0.43122 | EX44: 0 | EY44: 1.59314
A45: 44 | B45: 0 | C45: 0.90611669 | D45: 85.01861 | E45: 16.297149 | F45: 27.79586 | G45: 28.459841 | H45: 26.923928 | I45: 24.309628 | J45: 23.23985 | K45: 32.046596 | L45: 26.861561 | M45: 22.774632 | N45: 20.252501 | O45: 18.829437 | P45: 17.958159 | Q45: 901.87362 | R45: 0 | S45: 269.45199 | T45: 1.78479 | U45: 88.72082 | V45: 3.10042 | W45: 47.54375 | X45: 6.30706 | Y45: 1.52255 | Z45: 88.78567 | AA45: 8.14372 | AB45: 4.09581 | AC45: 4.69053 | AD45: 0.73321 | AE45: 0.13985 | AF45: 0.34478 | AG45: 0.52726 | AH45: 0.52686 | AI45: 0.26198 | AJ45: 0.09603 | AK45: 0.04539 | AL45: 0.01106 | AM45: 0.00224 | AN45: 0.0004 | AO45: 6e-05 | AP45: 1e-05 | AQ45: 0.07448 | AR45: 0.68713 | AS45: 1.13581 | AT45: 0 | AU45: 0 | AV45: 0.69874 | AW45: 0.59427 | AX45: 0.0581 | AY45: 0.00981 | AZ45: 0.00476 | BA45: 0.00502 | BB45: 0.00236 | BC45: 0.00097 | BD45: 0.00037 | BE45: 0.00013 | BF45: 4e-05 | BG45: 0.00221 | BH45: 0.07219 | BI45: 0 | BJ45: 0.00221 | BK45: 0.03506 | BL45: 0.00027 | BM45: 5e-05 | BN45: 0.00098 | BO45: 0 | BP45: 0.00248 | BQ45: 7 | BR45: 6.2748975 | BS45: 2.1570459 | BT45: 2.2098389 | BU45: 5.1574463 | BV45: 5.887749 | BW45: 6.450874 | BX45: 6.7940283 | BY45: 7.1019873 | BZ45: 7.6211182 | CA45: 8.2370361 | CB45: 8.5713916 | CC45: 8.7913623 | CD45: 8.9233447 | CE45: 9.011333 | CF45: 0 | CG45: 2303.8584 | CH45: 2201.388 | CI45: 1.0153 | CJ45: 6.00826 | CK45: 1.43843 | CL45: 8.46199 | CM45: 6.41873 | CN45: 468.87405 | CO45: 0 | CP45: 0 | CQ45: 3.58371 | CR45: 6.9078 | CS45: 0.14043 | CT45: 2.10425 | CU45: 413.63541 | CV45: 0 | CW45: 0 | CX45: 1 | CY45: 0.0965 | CZ45: 0.37584 | DA45: 0.00203 | DB45: 0 | DC45: 0 | DD45: 1 | DE45: 0 | DF45: 0.06091 | DG45: 0.06908 | DH45: 0.0005 | DI45: 0.068 | DJ45: 0.00052 | DK45: 115.63721 | DL45: 70.29596 | DM45: 15.9014 | DN45: 0.12921 | DO45: 0.04923 | DP45: 0.01892 | DQ45: 0.00144 | DR45: 23.92417 | DS45: 4.13712 | DT45: 6.37694 | DU45: 0.00315 | DV45: 533.48546 | DW45: 0.0028510917 | DX45: 0 | DY45: 2.52632 | DZ45: 0 | EA45: 1.33615 | EB45: 7.52721 | EC45: 0.23714 | ED45: 0 | EE45: 2.0385 | EF45: 0.19051 | EG45: 82.06812 | EH45: 0.10349 | EI45: 1.02307 | EJ45: 219.16791 | EK45: 12.98054 | EL45: 0.01433 | EM45: 0.00188 | EN45: 0.15923 | EO45: 92.25645 | EP45: 0.00606 | EQ45: 0.18075 | ER45: 0.01141 | ES45: 2.69899 | ET45: 0.00739 | EU45: 100 | EV45: 7752.2643 | EW45: 0.39718 | EX45: 0 | EY45: 1.5924
A46: 45 | B46: 0 | C46: 0.09415703 | D46: 167.8393 | E46: 29.196253 | F46: 27.902273 | G46: 29.178789 | H46: 27.30597 | I46: 24.398889 | J46: 23.235096 | K46: 32.180706 | L46: 27.05597 | M46: 22.922209 | N46: 20.324654 | O46: 18.84838 | P46: 17.950988 | Q46: 902.62904 | R46: 0 | S46: 271.30393 | T46: 1.76136 | U46: 89.09883 | V46: 2.71811 | W46: 47.62924 | X46: 6.60108 | Y46: 1.5226 | Z46: 91.34544 | AA46: 8.03807 | AB46: 4.02538 | AC46: 4.70745 | AD46: 1.44318 | AE46: 0.24602 | AF46: 0.33725 | AG46: 0.52521 | AH46: 0.53065 | AI46: 0.26958 | AJ46: 0.10075 | AK46: 0.04878 | AL46: 0.01215 | AM46: 0.00252 | AN46: 0.00045 | AO46: 7e-05 | AP46: 1e-05 | AQ46: 0.07448 | AR46: 0.687 | AS46: 1.13085 | AT46: 0 | AU46: 0 | AV46: 0.68641 | AW46: 0.56271 | AX46: 0.05564 | AY46: 0.00978 | AZ46: 0.00482 | BA46: 0.00519 | BB46: 0.00247 | BC46: 0.00102 | BD46: 0.0004 | BE46: 0.00014 | BF46: 4e-05 | BG46: 0.00221 | BH46: 0.07219 | BI46: 0 | BJ46: 0.00221 | BK46: 0.03467 | BL46: 0.00027 | BM46: 5e-05 | BN46: 0.00101 | BO46: 0 | BP46: 0.00255 | BQ46: 7 | BR46: 6.4332764 | BS46: 2.0954541 | BT46: 2.4122119 | BU46: 4.9110791 | BV46: 5.8613525 | BW46: 6.4420752 | BX46: 6.7940283 | BY46: 7.1019873 | BZ46: 7.5859229 | CA46: 8.2194385 | CB46: 8.5625928 | CC46: 8.7825635 | CD46: 8.9233447 | CE46: 9.0201318 | CF46: 0 | CG46: 2384.8727 | CH46: 2051.4815 | CI46: 5.94659 | CJ46: 1.09402 | CK46: 0.89224 | CL46: 7.93285 | CM46: 6.34686 | CN46: 459.15721 | CO46: 0 | CP46: 0 | CQ46: 3.54033 | CR46: 6.60824 | CS46: 0.19175 | CT46: 2.14825 | CU46: 323.85516 | CV46: 0 | CW46: 0 | CX46: 1 | CY46: 0.0926 | CZ46: 0.36499 | DA46: 0.00192 | DB46: 0 | DC46: 0 | DD46: 1 | DE46: 0 | DF46: 0.06089 | DG46: 0.06603 | DH46: 0.00053 | DI46: 0.06449 | DJ46: 0.00055 | DK46: 114.34244 | DL46: 68.83916 | DM46: 15.84582 | DN46: 0.12787 | DO46: 0.04924 | DP46: 0.01854 | DQ46: 0.00147 | DR46: 0 | DS46: 4.07431 | DT46: 6.37771 | DU46: 0.00311 | DV46: 520.30352 | DW46: 0.0028589349 | DX46: 0 | DY46: 2.51557 | DZ46: 0 | EA46: 1.39136 | EB46: 7.04077 | EC46: 0.23589 | ED46: 0 | EE46: 1.866 | EF46: 0.08474 | EG46: 83.99097 | EH46: 0.10619 | EI46: 1.04723 | EJ46: 221.58228 | EK46: 12.9154 | EL46: 0.01432 | EM46: 0.00183 | EN46: 0.15837 | EO46: 92.49294 | EP46: 0.00606 | EQ46: 0.18013 | ER46: 0.0114 | ES46: 2.76006 | ET46: 0.00604 | EU46: 100 | EV46: 7841.7524 | EW46: 0.41729 | EX46: 0 | EY46: 1.58978
A47: 46 | B47: 0 | C47: 0.09415484 | D47: 326.36494 | E47: 8.1293183 | F47: 29.494572 | G47: 29.943452 | H47: 27.738168 | I47: 24.515088 | J47: 23.238334 | K47: 32.307112 | L47: 27.246394 | M47: 23.071715 | N47: 20.400433 | O47: 18.869955 | P47: 17.94515 | Q47: 903.38397 | R47: 0 | S47: 274.77037 | T47: 1.73494 | U47: 89.30143 | V47: 3.07636 | W47: 47.74568 | X47: 6.89091 | Y47: 1.52266 | Z47: 93.89102 | AA47: 8.24061 | AB47: 4.1604 | AC47: 4.7236 | AD47: 2.79415 | AE47: 0.06678 | AF47: 0.34307 | AG47: 0.52317 | AH47: 0.5336 | AI47: 0.27678 | AJ47: 0.10542 | AK47: 0.05227 | AL47: 0.01331 | AM47: 0.00281 | AN47: 0.00051 | AO47: 8e-05 | AP47: 1e-05 | AQ47: 0.07448 | AR47: 0.68669 | AS47: 1.12516 | AT47: 0 | AU47: 0 | AV47: 0.67456 | AW47: 0.53276 | AX47: 0.05354 | AY47: 0.00976 | AZ47: 0.00487 | BA47: 0.00536 | BB47: 0.00258 | BC47: 0.00108 | BD47: 0.00043 | BE47: 0.00015 | BF47: 5e-05 | BG47: 0.00221 | BH47: 0.0722 | BI47: 0 | BJ47: 0.00221 | BK47: 0.03429 | BL47: 0.00028 | BM47: 5e-05 | BN47: 0.00104 | BO47: 0 | BP47: 0.0026 | BQ47: 7 | BR47: 6.4332764 | BS47: 2.1306494 | BT47: 2.4034131 | BU47: 4.761499 | BV47: 5.8261572 | BW47: 6.4420752 | BX47: 6.7940283 | BY47: 7.0931885 | BZ47: 7.5595264 | CA47: 8.2018408 | CB47: 8.5537939 | CC47: 8.7825635 | CD47: 8.9233447 | CE47: 9.0201318 | CF47: 0 | CG47: 2410.9762 | CH47: 2045.1581 | CI47: 1.67079 | CJ47: 5.44031 | CK47: 0.43856 | CL47: 7.54966 | CM47: 6.26944 | CN47: 447.756 | CO47: 0 | CP47: 0 | CQ47: 3.47427 | CR47: 6.24507 | CS47: 0.19762 | CT47: 2.09545 | CU47: 182.48181 | CV47: 0.01759 | CW47: 0 | CX47: 1 | CY47: 0.08896 | CZ47: 0.35508 | DA47: 0.00181 | DB47: 0 | DC47: 0 | DD47: 1 | DE47: 0 | DF47: 0.06087 | DG47: 0.06301 | DH47: 0.00055 | DI47: 0.06137 | DJ47: 0.00057 | DK47: 112.94763 | DL47: 67.12984 | DM47: 15.75741 | DN47: 0.12765 | DO47: 0.04917 | DP47: 0.01815 | DQ47: 0.0015 | DR47: 0 | DS47: 4.00781 | DT47: 6.37128 | DU47: 0.00308 | DV47: 539.13835 | DW47: 0.0028666864 | DX47: 0 | DY47: 2.50602 | DZ47: 0 | EA47: 1.47039 | EB47: 6.58578 | EC47: 0.23457 | ED47: 0 | EE47: 1.85321 | EF47: 0.08474 | EG47: 85.93361 | EH47: 0.10887 | EI47: 1.0714 | EJ47: 222.93811 | EK47: 12.85217 | EL47: 0.01431 | EM47: 0.00179 | EN47: 0.15744 | EO47: 92.72813 | EP47: 0.00606 | EQ47: 0.17951 | ER47: 0.01139 | ES47: 2.82267 | ET47: 0.00494 | EU47: 100 | EV47: 7927.9241 | EW47: 0.41952 | EX47: 0 | EY47: 1.58582
A48: 47 | B48: 0 | C48: 0.09415484 | D48: 84.057349 | E48: 16.372933 | F48: 30.314273 | G48: 30.747579 | H48: 28.220429 | I48: 24.660232 | J48: 23.251274 | K48: 32.426787 | L48: 27.432692 | M48: 23.222863 | N48: 20.479759 | O48: 18.894212 | P48: 17.940711 | Q48: 904.13858 | R48: 0 | S48: 277.59081 | T48: 1.70602 | U48: 89.33662 | V48: 3.12043 | W48: 46.7991 | X48: 7.1761 | Y48: 1.52273 | Z48: 96.422 | AA48: 8.24255 | AB48: 4.1617 | AC48: 4.74089 | AD48: 0.71549 | AE48: 0.13732 | AF48: 0.34321 | AG48: 0.52106 | AH48: 0.5358 | AI48: 0.28357 | AJ48: 0.11003 | AK48: 0.05583 | AL48: 0.01453 | AM48: 0.00313 | AN48: 0.00058 | AO48: 0.0001 | AP48: 1e-05 | AQ48: 0.07448 | AR48: 0.68621 | AS48: 1.11903 | AT48: 0 | AU48: 0 | AV48: 0.66367 | AW48: 0.505 | AX48: 0.0518 | AY48: 0.00977 | AZ48: 0.00492 | BA48: 0.00552 | BB48: 0.00269 | BC48: 0.00114 | BD48: 0.00046 | BE48: 0.00017 | BF48: 5e-05 | BG48: 0.00221 | BH48: 0.0722 | BI48: 0 | BJ48: 0.00221 | BK48: 0.03391 | BL48: 0.00028 | BM48: 5e-05 | BN48: 0.00107 | BO48: 0 | BP48: 0.00266 | BQ48: 7 | BR48: 6.4332764 | BS48: 2.1394482 | BT48: 2.1922412 | BU48: 4.9638721 | BV48: 5.7997607 | BW48: 6.4332764 | BX48: 6.7940283 | BY48: 7.0931885 | BZ48: 7.5331299 | CA48: 8.1842432 | CB48: 8.5449951 | CC48: 8.7825635 | CD48: 8.9321435 | CE48: 9.0201318 | CF48: 0 | CG48: 2474.211 | CH48: 2343.9495 | CI48: 0.79524 | CJ48: 5.17539 | CK48: 1.24772 | CL48: 7.21835 | CM48: 6.1874 | CN48: 434.96526 | CO48: 0 | CP48: 0 | CQ48: 3.40733 | CR48: 5.96291 | CS48: 0.17269 | CT48: 2.08666 | CU48: 414.66098 | CV48: 0 | CW48: 0 | CX48: 1 | CY48: 0.08565 | CZ48: 0.34625 | DA48: 0.00172 | DB48: 0 | DC48: 0 | DD48: 1 | DE48: 0 | DF48: 0.06086 | DG48: 0.05963 | DH48: 0.00057 | DI48: 0.05887 | DJ48: 0.00059 | DK48: 111.46958 | DL48: 65.21218 | DM48: 15.66646 | DN48: 0.12761 | DO48: 0.04903 | DP48: 0.01777 | DQ48: 0.00153 | DR48: 25.00498 | DS48: 3.9383 | DT48: 6.35786 | DU48: 0.00304 | DV48: 536.00582 | DW48: 0.0028743398 | DX48: 0 | DY48: 2.49275 | DZ48: 0 | EA48: 1.57393 | EB48: 6.16018 | EC48: 0.23322 | ED48: 0 | EE48: 2.03258 | EF48: 0.08474 | EG48: 87.86749 | EH48: 0.11153 | EI48: 1.09558 | EJ48: 224.29394 | EK48: 12.79091 | EL48: 0.0143 | EM48: 0.00174 | EN48: 0.15645 | EO48: 92.96199 | EP48: 0.00605 | EQ48: 0.1789 | ER48: 0.01138 | ES48: 2.88855 | ET48: 0.00404 | EU48: 100 | EV48: 8010.9639 | EW48: 0.38668 | EX48: 0 | EY48: 1.58066
A49: 48 | B49: 0 | C49: 0.09415484 | D49: 165.18909 | E49: 28.81211 | F49: 30.259471 | G49: 31.609206 | H49: 28.750975 | I49: 24.8361 | J49: 23.275648 | K49: 32.540807 | L49: 27.614779 | M49: 23.375376 | N49: 20.562543 | O49: 18.921197 | P49: 17.937737 | Q49: 904.89303 | R49: 0 | S49: 279.68384 | T49: 1.67533 | U49: 89.21656 | V49: 2.74292 | W49: 46.98675 | X49: 7.45628 | Y49: 1.52281 | Z49: 98.93847 | AA49: 8.04365 | AB49: 4.0291 | AC49: 4.75849 | AD49: 1.40827 | AE49: 0.24127 | AF49: 0.33672 | AG49: 0.51919 | AH49: 0.53733 | AI49: 0.28996 | AJ49: 0.11458 | AK49: 0.05947 | AL49: 0.0158 | AM49: 0.00347 | AN49: 0.00066 | AO49: 0.00011 | AP49: 2e-05 | AQ49: 0.07448 | AR49: 0.68559 | AS49: 1.11275 | AT49: 0 | AU49: 0 | AV49: 0.65463 | AW49: 0.47987 | AX49: 0.05041 | AY49: 0.0098 | AZ49: 0.00497 | BA49: 0.00567 | BB49: 0.00279 | BC49: 0.00119 | BD49: 0.00049 | BE49: 0.00018 | BF49: 6e-05 | BG49: 0.00221 | BH49: 0.07221 | BI49: 0 | BJ49: 0.00221 | BK49: 0.03356 | BL49: 0.00028 | BM49: 5e-05 | BN49: 0.00109 | BO49: 0 | BP49: 0.00271 | BQ49: 7 | BR49: 6.4332764 | BS49: 2.0866553 | BT49: 2.3946143 | BU49: 4.8054932 | BV49: 5.7557666 | BW49: 6.4244775 | BX49: 6.7940283 | BY49: 7.0931885 | BZ49: 7.5067334 | CA49: 8.1578467 | CB49: 8.5273975 | CC49: 8.7737647 | CD49: 8.9321435 | CE49: 9.0201318 | CF49: 0 | CG49: 2562.305 | CH49: 2218.9345 | CI49: 5.143 | CJ49: 0.94651 | CK49: 0.77729 | CL49: 6.86681 | CM49: 6.10166 | CN49: 421.0868 | CO49: 0 | CP49: 0 | CQ49: 3.35442 | CR49: 5.74608 | CS49: 0.20788 | CT49: 2.13065 | CU49: 318.74077 | CV49: 0 | CW49: 0 | CX49: 1 | CY49: 0.08269 | CZ49: 0.3386 | DA49: 0.00165 | DB49: 0 | DC49: 0 | DD49: 1 | DE49: 0 | DF49: 0.06085 | DG49: 0.05763 | DH49: 0.0006 | DI49: 0.05653 | DJ49: 0.00062 | DK49: 109.92508 | DL49: 63.13145 | DM49: 15.59501 | DN49: 0.12755 | DO49: 0.04883 | DP49: 0.0174 | DQ49: 0.00156 | DR49: 0 | DS49: 3.86646 | DT49: 6.33771 | DU49: 0.00301 | DV49: 512.20753 | DW49: 0.0028818901 | DX49: 0 | DY49: 2.48434 | DZ49: 0 | EA49: 1.70271 | EB49: 5.76209 | EC49: 0.23186 | ED49: 0 | EE49: 1.85695 | EF49: 0.08474 | EG49: 89.78347 | EH49: 0.11417 | EI49: 1.11976 | EJ49: 225.64977 | EK49: 12.73161 | EL49: 0.01429 | EM49: 0.00169 | EN49: 0.15545 | EO49: 93.19449 | EP49: 0.00605 | EQ49: 0.17829 | ER49: 0.01136 | ES49: 2.9547 | ET49: 0.0033 | EU49: 100 | EV49: 8091.048 | EW49: 0.47473 | EX49: 0 | EY49: 1.65765
... A405: 404 | B405: 0 | C405: 0.09415484 | D405: 1.7220415 | E405: 0.97606754 | F405: 7.3588623 | G405: 6.1678534 | H405: 5.8042966 | I405: 6.0643749 | J405: 7.9395765 | K405: 10.533656 | L405: 13.411895 | M405: 16.256831 | N405: 18.821996 | O405: 20.979746 | P405: 22.731244 | Q405: 2007.2925 | R405: 0 | S405: 136.07033 | T405: 1e-05 | U405: 0.01522 | V405: 0 | W405: 0.00027 | X405: 0.00464 | Y405: 20.49841 | Z405: 335.03638 | AA405: 3.22964 | AB405: 0.81976 | AC405: 7.95408 | AD405: 0 | AE405: 0 | AF405: 0 | AG405: 0 | AH405: 0 | AI405: 0 | AJ405: 0 | AK405: 0 | AL405: 0 | AM405: 0 | AN405: 0 | AO405: 0 | AP405: 0 | AQ405: 0.25171 | AR405: 0.00284 | AS405: 0.0045 | AT405: 0 | AU405: 0 | AV405: 0 | AW405: 0 | AX405: 0 | AY405: 0 | AZ405: 0 | BA405: 0 | BB405: 0 | BC405: 1e-05 | BD405: 1e-05 | BE405: 2e-05 | BF405: 2e-05 | BG405: 0.01255 | BH405: 1.89768 | BI405: 0 | BJ405: 0.01266 | BK405: 0 | BL405: 0 | BM405: 4e-05 | BN405: 0 | BO405: 0 | BP405: 0 | BQ405: 7 | BR405: 6.4332764 | BS405: 2.2802295 | BT405: 2.2802295 | BU405: 3.8464209 | BV405: 5.5093994 | BW405: 8.6417822 | BX405: 8.2282373 | BY405: 7.9906689 | BZ405: 7.6651123 | CA405: 7.4803369 | CB405: 7.4803369 | CC405: 7.629917 | CD405: 7.8146924 | CE405: 8.0082666 | CF405: 0 | CG405: 4828.0846 | CH405: 4920.1414 | CI405: 0 | CJ405: 0 | CK405: 0 | CL405: 0 | CM405: 3.93763 | CN405: 70.36208 | CO405: 0 | CP405: 0 | CQ405: 2e-05 | CR405: 0 | CS405: 0.35893 | CT405: 1.7875 | CU405: 9.70001 | CV405: 0 | CW405: 0 | CX405: 1 | CY405: 0 | CZ405: 0.02195 | DA405: 0 | DB405: 0 | DC405: 0 | DD405: 1 | DE405: 0 | DF405: 0.0741 | DG405: 0 | DH405: 0 | DI405: 0 | DJ405: 0 | DK405: 70.93872 | DL405: 10.54904 | DM405: 0.06302 | DN405: 0.32511 | DO405: 0.00024 | DP405: 0.02316 | DQ405: 1e-05 | DR405: 5.6024 | DS405: 3.08505 | DT405: 3.93501 | DU405: 0 | DV405: 12.97419 | DW405: 0.0046682815 | DX405: 0 | DY405: 0.47188 | DZ405: 4 | EA405: 132.4653 | EB405: 62.74144 | EC405: 0.10317 | ED405: 0 | EE405: 0.4152 | EF405: 0.08474 | EG405: 575.6275 | EH405: 0.68015 | EI405: 9.43861 | EJ405: 708.32515 | EK405: 13.69062 | EL405: 0.01131 | EM405: 0.0014 | EN405: 0.02105 | EO405: 156.69065 | EP405: 0.00563 | EQ405: 0.43445 | ER405: 0.00641 | ES405: 3.04031 | ET405: 8.78185 | EU405: 100 | EV405: 60.69254 | EW405: 0.1408 | EX405: 0 | EY405: 1.35435
A406: 405 | B406: 0 | C406: 0.09415484 | D406: 3.8823113 | E406: 1.2443988 | F406: 7.6540673 | G406: 6.7650938 | H406: 6.0830945 | I406: 6.0433863 | J406: 7.794296 | K406: 10.318958 | L406: 13.155159 | M406: 15.984044 | N406: 18.556959 | O406: 20.737803 | P406: 22.516375 | Q406: 2008.9605 | R406: 0 | S406: 135.60924 | T406: 1e-05 | U406: 0.01453 | V406: 0 | W406: 0.00026 | X406: 0.00435 | Y406: 20.49858 | Z406: 335.03685 | AA406: 3.22321 | AB406: 0.81547 | AC406: 7.95419 | AD406: 0 | AE406: 0 | AF406: 0 | AG406: 0 | AH406: 0 | AI406: 0 | AJ406: 0 | AK406: 0 | AL406: 0 | AM406: 0 | AN406: 0 | AO406: 0 | AP406: 0 | AQ406: 0.25171 | AR406: 0.0026 | AS406: 0.0044 | AT406: 0 | AU406: 0 | AV406: 0 | AW406: 0 | AX406: 0 | AY406: 0 | AZ406: 0 | BA406: 0 | BB406: 0 | BC406: 1e-05 | BD406: 1e-05 | BE406: 2e-05 | BF406: 2e-05 | BG406: 0.01256 | BH406: 1.8977 | BI406: 0 | BJ406: 0.01266 | BK406: 0 | BL406: 0 | BM406: 4e-05 | BN406: 0 | BO406: 0 | BP406: 0 | BQ406: 7 | BR406: 6.4332764 | BS406: 1.7786963 | BT406: 2.5177979 | BU406: 4.2159717 | BV406: 5.3862158 | BW406: 8.395415 | BX406: 8.2986279 | BY406: 8.0610596 | BZ406: 7.83229 | CA406: 7.629917 | CB406: 7.6035205 | CC406: 7.7091065 | CD406: 7.8674853 | CE406: 8.0170654 | CF406: 0 | CG406: 4509.973 | CH406: 4372.2989 | CI406: 0 | CJ406: 0 | CK406: 0 | CL406: 0 | CM406: 3.93774 | CN406: 70.36827 | CO406: 0 | CP406: 0 | CQ406: 1e-05 | CR406: 0 | CS406: 0.32667 | CT406: 2.20104 | CU406: 7.5936 | CV406: 0 | CW406: 0 | CX406: 1 | CY406: 0 | CZ406: 0.02294 | DA406: 0 | DB406: 0 | DC406: 0 | DD406: 1 | DE406: 0 | DF406: 0.07352 | DG406: 0 | DH406: 0 | DI406: 0 | DJ406: 0 | DK406: 70.94063 | DL406: 10.54997 | DM406: 0.06188 | DN406: 0.32486 | DO406: 0.00023 | DP406: 0.02316 | DQ406: 1e-05 | DR406: 0 | DS406: 3.08521 | DT406: 3.93526 | DU406: 0 | DV406: 12.61048 | DW406: 0.0046731075 | DX406: 0 | DY406: 0.47235 | DZ406: 1 | EA406: 132.39448 | EB406: 63.62829 | EC406: 0.10689 | ED406: 0 | EE406: 0.40152 | EF406: 0.08474 | EG406: 576.0319 | EH406: 0.68083 | EI406: 9.45922 | EJ406: 709.68098 | EK406: 13.74926 | EL406: 0.01132 | EM406: 0.00135 | EN406: 0.02442 | EO406: 156.79585 | EP406: 0.00563 | EQ406: 0.43194 | ER406: 0.00657 | ES406: 3.54685 | ET406: 8.78036 | EU406: 100 | EV406: 59.26459 | EW406: Nan | EX406: 0 | EY406: 1.35921
A407: 406 | B407: 0 | C407: 0.09415484 | D407: 7.5772625 | E407: 0.70639839 | F407: 8.3188795 | G407: 7.3684835 | H407: 6.4006239 | I407: 6.0432986 | J407: 7.6587231 | K407: 10.110796 | L407: 12.903326 | M407: 15.714165 | N407: 18.292684 | O407: 20.495025 | P407: 22.300036 | Q407: 2010.61 | R407: 0 | S407: 135.60604 | T407: 1e-05 | U407: 0.01388 | V407: 0 | W407: 0.00025 | X407: 0.00409 | Y407: 20.49874 | Z407: 335.0373 | AA407: 3.23472 | AB407: 0.82315 | AC407: 7.95411 | AD407: 0 | AE407: 0 | AF407: 0 | AG407: 0 | AH407: 0 | AI407: 0 | AJ407: 0 | AK407: 0 | AL407: 0 | AM407: 0 | AN407: 0 | AO407: 0 | AP407: 0 | AQ407: 0.25171 | AR407: 0.00238 | AS407: 0.00431 | AT407: 0 | AU407: 0 | AV407: 0 | AW407: 0 | AX407: 0 | AY407: 0 | AZ407: 0 | BA407: 0 | BB407: 0 | BC407: 1e-05 | BD407: 1e-05 | BE407: 1e-05 | BF407: 2e-05 | BG407: 0.01256 | BH407: 1.89771 | BI407: 0 | BJ407: 0.01266 | BK407: 0 | BL407: 0 | BM407: 4e-05 | BN407: 0 | BO407: 0 | BP407: 0 | BQ407: 7 | BR407: 6.4332764 | BS407: 2.2274365 | BT407: 2.508999 | BU407: 4.6471143 | BV407: 5.5445947 | BW407: 8.1842432 | BX407: 8.3426221 | BY407: 8.1138525 | BZ407: 7.9818701 | CA407: 7.7706982 | CB407: 7.7091065 | CC407: 7.7794971 | CD407: 7.9114795 | CE407: 8.0258643 | CF407: 0 | CG407: 4784.8768 | CH407: 4310.8076 | CI407: 0 | CJ407: 0 | CK407: 0 | CL407: 0 | CM407: 3.93783 | CN407: 70.37415 | CO407: 0 | CP407: 0 | CQ407: 1e-05 | CR407: 0 | CS407: 0.20788 | CT407: 1.7875 | CU407: 4.3282 | CV407: 0 | CW407: 0 | CX407: 1 | CY407: 0 | CZ407: 0.02407 | DA407: 0 | DB407: 0 | DC407: 0 | DD407: 1 | DE407: 0 | DF407: 0.07295 | DG407: 0 | DH407: 0 | DI407: 0 | DJ407: 0 | DK407: 70.94234 | DL407: 10.55085 | DM407: 0.06043 | DN407: 0.3246 | DO407: 0.00023 | DP407: 0.02317 | DQ407: 1e-05 | DR407: 0 | DS407: 3.08537 | DT407: 3.9355 | DU407: 0 | DV407: 13.26103 | DW407: 0.0046779336 | DX407: 0 | DY407: 0.47312 | DZ407: 1 | EA407: 132.35564 | EB407: 64.48645 | EC407: 0.11011 | ED407: 0 | EE407: 0.40214 | EF407: 0.08474 | EG407: 576.43979 | EH407: 0.68155 | EI407: 9.47987 | EJ407: 711.03681 | EK407: 13.80385 | EL407: 0.01134 | EM407: 0.0013 | EN407: 0.02731 | EO407: 156.90449 | EP407: 0.00564 | EQ407: 0.42944 | ER407: 0.0067 | ES407: 3.72288 | ET407: 8.77898 | EU407: 100 | EV407: 57.8703 | EW407: Nan | EX407: 0 | EY407: 1.36431
A408: 407 | B408: 0 | C408: 0.09415484 | D408: 1.7220777 | E408: 1.0520076 | F408: 8.7404009 | G408: 7.979333 | H408: 6.7549561 | I408: 6.0653572 | J408: 7.5335346 | K408: 9.909341 | L408: 12.656482 | M408: 15.447339 | N408: 18.029356 | O408: 20.251567 | P408: 22.082303 | Q408: 2012.2408 | R408: 0 | S408: 135.44997 | T408: 1e-05 | U408: 0.01328 | V408: 0 | W408: 0.00024 | X408: 0.00384 | Y408: 20.49888 | Z408: 335.03775 | AA408: 3.23547 | AB408: 0.82364 | AC408: 7.9541 | AD408: 0 | AE408: 0 | AF408: 0 | AG408: 0 | AH408: 0 | AI408: 0 | AJ408: 0 | AK408: 0 | AL408: 0 | AM408: 0 | AN408: 0 | AO408: 0 | AP408: 0 | AQ408: 0.25171 | AR408: 0.00218 | AS408: 0.00423 | AT408: 0 | AU408: 0 | AV408: 0 | AW408: 0 | AX408: 0 | AY408: 0 | AZ408: 0 | BA408: 0 | BB408: 0 | BC408: 1e-05 | BD408: 1e-05 | BE408: 1e-05 | BF408: 2e-05 | BG408: 0.01256 | BH408: 1.89773 | BI408: 0 | BJ408: 0.01266 | BK408: 0 | BL408: 0 | BM408: 4e-05 | BN408: 0 | BO408: 0 | BP408: 0 | BQ408: 7 | BR408: 6.4332764 | BS408: 2.2890283 | BT408: 2.2802295 | BU408: 6.5740576 | BV408: 5.8085596 | BW408: 8.0258643 | BX408: 8.3690185 | BY408: 8.1754443 | BZ408: 8.0434619 | CA408: 7.8938818 | CB408: 7.8058936 | CC408: 7.8498877 | CD408: 7.9554736 | CE408: 8.0346631 | CF408: 0 | CG408: 4580.2068 | CH408: 4648.5918 | CI408: 0 | CJ408: 0 | CK408: 0 | CL408: 0 | CM408: 3.93792 | CN408: 70.3797 | CO408: 0 | CP408: 0 | CQ408: 1e-05 | CR408: 0 | CS408: 0.09568 | CT408: 1.7875 | CU408: 9.90536 | CV408: 0 | CW408: 0 | CX408: 1 | CY408: 0 | CZ408: 0.02531 | DA408: 0 | DB408: 0 | DC408: 0 | DD408: 1 | DE408: 0 | DF408: 0.07236 | DG408: 0 | DH408: 0 | DI408: 0 | DJ408: 0 | DK408: 70.94386 | DL408: 10.55168 | DM408: 0.05916 | DN408: 0.32453 | DO408: 0.00022 | DP408: 0.02317 | DQ408: 1e-05 | DR408: 6.2242 | DS408: 3.08551 | DT408: 3.93573 | DU408: 0 | DV408: 13.30312 | DW408: 0.0046827598 | DX408: 0 | DY408: 0.47198 | DZ408: 1 | EA408: 132.33553 | EB408: 65.47237 | EC408: 0.113 | ED408: 0 | EE408: 0.42532 | EF408: 0.08474 | EG408: 576.8495 | EH408: 0.68231 | EI408: 9.50056 | EJ408: 712.39264 | EK408: 13.85487 | EL408: 0.01135 | EM408: 0.00127 | EN408: 0.02989 | EO408: 157.01616 | EP408: 0.00565 | EQ408: 0.42695 | ER408: 0.00681 | ES408: 3.53928 | ET408: 8.77771 | EU408: 100 | EV408: 56.50888 | EW408: Nan | EX408: 0 | EY408: 1.36966
A409: 408 | B409: 0 | C409: 0.09415484 | D409: 3.914329 | E409: 1.2933258 | F409: 8.9651335 | G409: 8.6011084 | H409: 7.1440383 | I409: 6.1106565 | J409: 7.4194432 | K409: 9.7147947 | L409: 12.414718 | M409: 15.183706 | N409: 17.767155 | O409: 20.007585 | P409: 21.863258 | Q409: 2013.853 | R409: 0 | S409: 135.1916 | T409: 1e-05 | U409: 0.01273 | V409: 0 | W409: 0.00023 | X409: 0.00361 | Y409: 20.49901 | Z409: 335.03818 | AA409: 3.22581 | AB409: 0.81721 | AC409: 7.95413 | AD409: 0 | AE409: 0 | AF409: 0 | AG409: 0 | AH409: 0 | AI409: 0 | AJ409: 0 | AK409: 0 | AL409: 0 | AM409: 0 | AN409: 0 | AO409: 0 | AP409: 0 | AQ409: 0.25171 | AR409: 0.002 | AS409: 0.00414 | AT409: 0 | AU409: 0 | AV409: 0 | AW409: 0 | AX409: 0 | AY409: 0 | AZ409: 0 | BA409: 0 | BB409: 0 | BC409: 1e-05 | BD409: 1e-05 | BE409: 1e-05 | BF409: 2e-05 | BG409: 0.01256 | BH409: 1.89774 | BI409: 0 | BJ409: 0.01266 | BK409: 0 | BL409: 0 | BM409: 4e-05 | BN409: 0 | BO409: 0 | BP409: 0 | BQ409: 7 | BR409: 6.4332764 | BS409: 1.7962939 | BT409: 2.508999 | BU409: 6.5476611 | BV409: 6.0901221 | BW409: 7.7970947 | BX409: 8.3866162 | BY409: 8.2282373 | BZ409: 8.0874561 | CA409: 7.9994678 | CB409: 7.9026807 | CC409: 7.9114795 | CD409: 7.9994678 | CE409: 8.0434619 | CF409: 0 | CG409: 4368.4631 | CH409: 4172.3696 | CI409: 0 | CJ409: 0 | CK409: 0 | CL409: 0 | CM409: 3.93799 | CN409: 70.38493 | CO409: 0 | CP409: 0 | CQ409: 1e-05 | CR409: 0 | CS409: 0.03995 | CT409: 2.20984 | CU409: 7.66005 | CV409: 0 | CW409: 0 | CX409: 1 | CY409: 0 | CZ409: 0.02667 | DA409: 0 | DB409: 0 | DC409: 0 | DD409: 1 | DE409: 0 | DF409: 0.07177 | DG409: 0 | DH409: 0 | DI409: 0 | DJ409: 0 | DK409: 70.94521 | DL409: 10.55246 | DM409: 0.05823 | DN409: 0.32452 | DO409: 0.00022 | DP409: 0.02318 | DQ409: 1e-05 | DR409: 0 | DS409: 3.08563 | DT409: 3.93594 | DU409: 0 | DV409: 12.75765 | DW409: 0.0046875861 | DX409: 0 | DY409: 0.47308 | DZ409: 1 | EA409: 132.32619 | EB409: 66.61886 | EC409: 0.11563 | ED409: 0 | EE409: 0.40501 | EF409: 0.08474 | EG409: 577.25847 | EH409: 0.68309 | EI409: 9.52129 | EJ409: 713.74847 | EK409: 13.90262 | EL409: 0.01137 | EM409: 0.00124 | EN409: 0.03223 | EO409: 157.13058 | EP409: 0.00566 | EQ409: 0.42447 | ER409: 0.0069 | ES409: 3.06722 | ET409: 8.77654 | EU409: 100 | EV409: 55.17955 | EW409: Nan | EX409: 0 | EY409: 1.37525
A410: 409 | B410: 0 | C410: 0.09415484 | D410: 7.6363535 | E410: 0.72080966 | F410: 9.4797526 | G410: 9.2088242 | H410: 7.5650027 | I410: 6.1801195 | J410: 7.3171882 | K410: 9.5273908 | L410: 12.17813 | M410: 14.9234 | N410: 17.506257 | O410: 19.763236 | P410: 21.642989 | Q410: 2015.4463 | R410: 0 | S410: 135.29229 | T410: 1e-05 | U410: 0.01221 | V410: 0 | W410: 0.00022 | X410: 0.00339 | Y410: 20.49914 | Z410: 335.03861 | AA410: 3.23681 | AB410: 0.82454 | AC410: 7.95401 | AD410: 0 | AE410: 0 | AF410: 0 | AG410: 0 | AH410: 0 | AI410: 0 | AJ410: 0 | AK410: 0 | AL410: 0 | AM410: 0 | AN410: 0 | AO410: 0 | AP410: 0 | AQ410: 0.25171 | AR410: 0.00184 | AS410: 0.00407 | AT410: 0 | AU410: 0 | AV410: 0 | AW410: 0 | AX410: 0 | AY410: 0 | AZ410: 0 | BA410: 0 | BB410: 0 | BC410: 1e-05 | BD410: 1e-05 | BE410: 1e-05 | BF410: 2e-05 | BG410: 0.01256 | BH410: 1.89775 | BI410: 0 | BJ410: 0.01267 | BK410: 0 | BL410: 0 | BM410: 4e-05 | BN410: 0 | BO410: 0 | BP410: 0 | BQ410: 7 | BR410: 6.4332764 | BS410: 2.2362353 | BT410: 2.5177979 | BU410: 5.7293701 | BV410: 6.3628857 | BW410: 7.6739111 | BX410: 8.3866162 | BY410: 8.2722314 | BZ410: 8.1314502 | CA410: 8.0346631 | CB410: 7.9906689 | CC410: 7.9818701 | CD410: 8.0170654 | CE410: 8.0610596 | CF410: 0 | CG410: 4587.6024 | CH410: 4125.2857 | CI410: 0 | CJ410: 0 | CK410: 0 | CL410: 0 | CM410: 3.93806 | CN410: 70.38983 | CO410: 0 | CP410: 0 | CQ410: 1e-05 | CR410: 0 | CS410: 0.03555 | CT410: 1.79629 | CU410: 4.36202 | CV410: 0 | CW410: 0 | CX410: 1 | CY410: 0 | CZ410: 0.02814 | DA410: 0 | DB410: 0 | DC410: 0 | DD410: 1 | DE410: 0 | DF410: 0.07118 | DG410: 0 | DH410: 0 | DI410: 0 | DJ410: 0 | DK410: 70.94638 | DL410: 10.5532 | DM410: 0.057 | DN410: 0.32439 | DO410: 0.00021 | DP410: 0.02318 | DQ410: 1e-05 | DR410: 0 | DS410: 3.08575 | DT410: 3.93614 | DU410: 0 | DV410: 13.37933 | DW410: 0.0046924124 | DX410: 0 | DY410: 0.47402 | DZ410: 1 | EA410: 132.3234 | EB410: 67.56149 | EC410: 0.11794 | ED410: 0 | EE410: 0.40776 | EF410: 0.08474 | EG410: 577.6713 | EH410: 0.6839 | EI410: 9.54206 | EJ410: 715.1043 | EK410: 13.94743 | EL410: 0.01138 | EM410: 0.00122 | EN410: 0.03427 | EO410: 157.24747 | EP410: 0.00567 | EQ410: 0.422 | ER410: 0.00699 | ES410: 2.53707 | ET410: 8.77547 | EU410: 100 | EV410: 53.88154 | EW410: Nan | EX410: 0 | EY410: 1.38111
A411: 410 | B411: 0 | C411: 0.09415484 | D411: 1.7205729 | E411: 1.0680225 | F411: 9.7521344 | G411: 9.8002502 | H411: 8.013996 | I411: 6.2744225 | J411: 7.227524 | K411: 9.347394 | L411: 11.946824 | M411: 14.666548 | N411: 17.24683 | O411: 19.518677 | P411: 21.42159 | Q411: 2017.0208 | R411: 0 | S411: 135.21619 | T411: 0 | U411: 0.01172 | V411: 0 | W411: 0.00022 | X411: 0.00319 | Y411: 20.49926 | Z411: 335.03903 | AA411: 3.23724 | AB411: 0.82482 | AC411: 7.95396 | AD411: 0 | AE411: 0 | AF411: 0 | AG411: 0 | AH411: 0 | AI411: 0 | AJ411: 0 | AK411: 0 | AL411: 0 | AM411: 0 | AN411: 0 | AO411: 0 | AP411: 0 | AQ411: 0.25171 | AR411: 0.0017 | AS411: 0.00399 | AT411: 0 | AU411: 0 | AV411: 0 | AW411: 0 | AX411: 0 | AY411: 0 | AZ411: 0 | BA411: 0 | BB411: 0 | BC411: 1e-05 | BD411: 1e-05 | BE411: 1e-05 | BF411: 2e-05 | BG411: 0.01256 | BH411: 1.89776 | BI411: 0 | BJ411: 0.01267 | BK411: 0 | BL411: 0 | BM411: 4e-05 | BN411: 0 | BO411: 0 | BP411: 0 | BQ411: 7 | BR411: 6.4332764 | BS411: 2.2890283 | BT411: 2.2802295 | BU411: 5.9581396 | BV411: 6.450874 | BW411: 7.6211182 | BX411: 8.395415 | BY411: 8.3162256 | BZ411: 8.1754443 | CA411: 8.0786572 | CB411: 8.0258643 | CC411: 8.0170654 | CD411: 8.0346631 | CE411: 8.0698584 | CF411: 0 | CG411: 4440.4834 | CH411: 4485.3439 | CI411: 0 | CJ411: 0 | CK411: 0 | CL411: 0 | CM411: 3.93811 | CN411: 70.3944 | CO411: 0 | CP411: 0 | CQ411: 1e-05 | CR411: 0 | CS411: 0.00698 | CT411: 1.79629 | CU411: 9.9772 | CV411: 0 | CW411: 0 | CX411: 1 | CY411: 0 | CZ411: 0.02968 | DA411: 0 | DB411: 0 | DC411: 0 | DD411: 1 | DE411: 0 | DF411: 0.07058 | DG411: 0 | DH411: 0 | DI411: 0 | DJ411: 0 | DK411: 70.94739 | DL411: 10.55388 | DM411: 0.05588 | DN411: 0.32435 | DO411: 0.00021 | DP411: 0.02319 | DQ411: 0 | DR411: 6.38664 | DS411: 3.08585 | DT411: 3.93633 | DU411: 0 | DV411: 13.40323 | DW411: 0.0046972388 | DX411: 0 | DY411: 0.47299 | DZ411: 1 | EA411: 132.32439 | EB411: 68.28887 | EC411: 0.11995 | ED411: 0 | EE411: 0.42689 | EF411: 0.08474 | EG411: 578.08406 | EH411: 0.68474 | EI411: 9.56285 | EJ411: 716.46013 | EK411: 13.98964 | EL411: 0.0114 | EM411: 0.0012 | EN411: 0.03603 | EO411: 157.3665 | EP411: 0.00568 | EQ411: 0.41954 | ER411: 0.00706 | ES411: 2.18494 | ET411: 8.7745 | EU411: 100 | EV411: 52.6141 | EW411: Nan | EX411: 0 | EY411: 1.38724
A412: 411 | B412: 0 | C412: 0.09415484 | D412: 3.9353551 | E412: 1.3010096 | F412: 9.8436056 | G412: 10.383926 | H412: 8.4873293 | I412: 6.3939743 | J412: 7.1512053 | K412: 9.175099 | L412: 11.720913 | M412: 14.413275 | N412: 16.989038 | O412: 19.274063 | P412: 21.19916 | Q412: 2018.5764 | R412: 0 | S412: 135.03159 | T412: 0 | U412: 0.01127 | V412: 0 | W412: 0.00021 | X412: 0.00301 | Y412: 20.49936 | Z412: 335.03944 | AA412: 3.22708 | AB412: 0.81805 | AC412: 7.95396 | AD412: 0 | AE412: 0 | AF412: 0 | AG412: 0 | AH412: 0 | AI412: 0 | AJ412: 0 | AK412: 0 | AL412: 0 | AM412: 0 | AN412: 0 | AO412: 0 | AP412: 0 | AQ412: 0.25171 | AR412: 0.00157 | AS412: 0.00392 | AT412: 0 | AU412: 0 | AV412: 0 | AW412: 0 | AX412: 0 | AY412: 0 | AZ412: 0 | BA412: 0 | BB412: 0 | BC412: 1e-05 | BD412: 1e-05 | BE412: 1e-05 | BF412: 2e-05 | BG412: 0.01256 | BH412: 1.89777 | BI412: 0 | BJ412: 0.01267 | BK412: 0 | BL412: 0 | BM412: 4e-05 | BN412: 0 | BO412: 0 | BP412: 0 | BQ412: 7 | BR412: 6.4332764 | BS412: 1.7962939 | BT412: 2.5177979 | BU412: 4.8318896 | BV412: 6.3012939 | BW412: 7.5595264 | BX412: 8.3866162 | BY412: 8.3602197 | BZ412: 8.2194385 | CA412: 8.1138525 | CB412: 8.0522607 | CC412: 8.0346631 | CD412: 8.0522607 | CE412: 8.0786572 | CF412: 0 | CG412: 4245.9903 | CH412: 4041.6183 | CI412: 0 | CJ412: 0 | CK412: 0 | CL412: 0 | CM412: 3.93816 | CN412: 70.39865 | CO412: 0 | CP412: 0 | CQ412: 1e-05 | CR412: 0 | CS412: 0.19469 | CT412: 2.21864 | CU412: 7.70323 | CV412: 0 | CW412: 0 | CX412: 1 | CY412: 0 | CZ412: 0.0313 | DA412: 0 | DB412: 0 | DC412: 0 | DD412: 1 | DE412: 0 | DF412: 0.06997 | DG412: 0 | DH412: 0 | DI412: 0 | DJ412: 0 | DK412: 70.94824 | DL412: 10.55452 | DM412: 0.05505 | DN412: 0.32437 | DO412: 0.0002 | DP412: 0.02319 | DQ412: 0 | DR412: 0 | DS412: 3.08594 | DT412: 3.9365 | DU412: 0 | DV412: 12.82929 | DW412: 0.0047020653 | DX412: 0 | DY412: 0.4742 | DZ412: 1 | EA412: 132.32729 | EB412: 68.99933 | EC412: 0.12174 | ED412: 0 | EE412: 0.40913 | EF412: 0.08474 | EG412: 578.49624 | EH412: 0.6856 | EI412: 9.58368 | EJ412: 717.81596 | EK412: 14.02955 | EL412: 0.01142 | EM412: 0.00118 | EN412: 0.03757 | EO412: 157.48741 | EP412: 0.00568 | EQ412: 0.41708 | ER412: 0.00712 | ES412: 2.15456 | ET412: 8.77363 | EU412: 100 | EV412: 51.37652 | EW412: Nan | EX412: 0 | EY412: 1.39366
A413: 412 | B413: 0 | C413: 0.09415484 | D413: 7.6689696 | E413: 0.72001746 | F413: 10.253074 | G413: 10.940349 | H413: 8.9811872 | I413: 6.5389315 | J413: 7.0889735 | K413: 9.0108282 | L413: 11.500522 | M413: 14.1637 | N413: 16.733039 | O413: 19.02955 | P413: 20.975799 | Q413: 2020.113 | R413: 0 | S413: 135.21595 | T413: 0 | U413: 0.01085 | V413: 0 | W413: 0.0002 | X413: 0.00283 | Y413: 20.49946 | Z413: 335.03985 | AA413: 3.23775 | AB413: 0.82517 | AC413: 7.9538 | AD413: 0 | AE413: 0 | AF413: 0 | AG413: 0 | AH413: 0 | AI413: 0 | AJ413: 0 | AK413: 0 | AL413: 0 | AM413: 0 | AN413: 0 | AO413: 0 | AP413: 0 | AQ413: 0.25171 | AR413: 0.00145 | AS413: 0.00385 | AT413: 0 | AU413: 0 | AV413: 0 | AW413: 0 | AX413: 0 | AY413: 0 | AZ413: 0 | BA413: 0 | BB413: 0 | BC413: 0 | BD413: 1e-05 | BE413: 1e-05 | BF413: 2e-05 | BG413: 0.01257 | BH413: 1.89778 | BI413: 0 | BJ413: 0.01267 | BK413: 0 | BL413: 0 | BM413: 4e-05 | BN413: 0 | BO413: 0 | BP413: 0 | BQ413: 7 | BR413: 6.4332764 | BS413: 2.2362353 | BT413: 2.5265967 | BU413: 4.4711377 | BV413: 6.0813232 | BW413: 7.4627393 | BX413: 8.3866162 | BY413: 8.4042139 | BZ413: 8.2546338 | CA413: 8.1490479 | CB413: 8.0786572 | CC413: 8.0610596 | CD413: 8.0610596 | CE413: 8.0962549 | CF413: 0 | CG413: 4478.2435 | CH413: 4010.7413 | CI413: 0 | CJ413: 0 | CK413: 0 | CL413: 0 | CM413: 3.9382 | CN413: 70.40258 | CO413: 0 | CP413: 0 | CQ413: 1e-05 | CR413: 0 | CS413: 0.23428 | CT413: 1.79629 | CU413: 4.3788 | CV413: 0 | CW413: 0 | CX413: 1 | CY413: 0 | CZ413: 0.03297 | DA413: 0 | DB413: 0 | DC413: 0 | DD413: 1 | DE413: 0 | DF413: 0.06937 | DG413: 0 | DH413: 0 | DI413: 0 | DJ413: 0 | DK413: 70.94894 | DL413: 10.55511 | DM413: 0.05393 | DN413: 0.3243 | DO413: 0.0002 | DP413: 0.02319 | DQ413: 0 | DR413: 0 | DS413: 3.08603 | DT413: 3.93666 | DU413: 0 | DV413: 13.43244 | DW413: 0.0047068918 | DX413: 0 | DY413: 0.47527 | DZ413: 1 | EA413: 132.3315 | EB413: 69.82845 | EC413: 0.12329 | ED413: 0 | EE413: 0.41105 | EF413: 0.08474 | EG413: 578.91092 | EH413: 0.68647 | EI413: 9.60454 | EJ413: 719.17179 | EK413: 14.06738 | EL413: 0.01144 | EM413: 0.00117 | EN413: 0.0389 | EO413: 157.60999 | EP413: 0.00569 | EQ413: 0.41464 | ER413: 0.00717 | ES413: 2.34278 | ET413: 8.77284 | EU413: 100 | EV413: 50.16808 | EW413: Nan | EX413: 0 | EY413: 1.40036
A414: 413 | B414: 0 | C414: 0.09415484 | D414: 1.7620488 | E414: 1.0468574 | F414: 10.366312 | G414: 11.466546 | H414: 9.4912023 | I414: 6.7091633 | J414: 7.0415434 | K414: 8.8549291 | L414: 11.285787 | M414: 13.917943 | N414: 16.478985 | O414: 18.785292 | P414: 20.751614 | Q414: 2021.6305 | R414: 0 | S414: 135.14932 | T414: 0 | U414: 0.01046 | V414: 0 | W414: 0.00019 | X414: 0.00267 | Y414: 20.49956 | Z414: 335.04025 | AA414: 3.23887 | AB414: 0.82591 | AC414: 7.95375 | AD414: 0 | AE414: 0 | AF414: 0 | AG414: 0 | AH414: 0 | AI414: 0 | AJ414: 0 | AK414: 0 | AL414: 0 | AM414: 0 | AN414: 0 | AO414: 0 | AP414: 0 | AQ414: 0.25171 | AR414: 0.00134 | AS414: 0.00378 | AT414: 0 | AU414: 0 | AV414: 0 | AW414: 0 | AX414: 0 | AY414: 0 | AZ414: 0 | BA414: 0 | BB414: 0 | BC414: 0 | BD414: 1e-05 | BE414: 1e-05 | BF414: 2e-05 | BG414: 0.01257 | BH414: 1.89779 | BI414: 0 | BJ414: 0.01267 | BK414: 0 | BL414: 0 | BM414: 4e-05 | BN414: 0 | BO414: 0 | BP414: 0 | BQ414: 7 | BR414: 6.4332764 | BS414: 2.2890283 | BT414: 2.2890283 | BU414: 4.7439014 | BV414: 5.9317432 | BW414: 7.321958 | BX414: 8.3778174 | BY414: 8.4306104 | BZ414: 8.2986279 | CA414: 8.1842432 | CB414: 8.1138525 | CC414: 8.0786572 | CD414: 8.0786572 | CE414: 8.1050537 | CF414: 0 | CG414: 4358.2014 | CH414: 4371.9502 | CI414: 0 | CJ414: 0 | CK414: 0 | CL414: 0 | CM414: 3.93823 | CN414: 70.40618 | CO414: 0 | CP414: 0 | CQ414: 1e-05 | CR414: 0 | CS414: 0.20935 | CT414: 1.79629 | CU414: 10.06085 | CV414: 0 | CW414: 0 | CX414: 1 | CY414: 0 | CZ414: 0.03468 | DA414: 0 | DB414: 0 | DC414: 0 | DD414: 1 | DE414: 0 | DF414: 0.06875 | DG414: 0 | DH414: 0 | DI414: 0 | DJ414: 0 | DK414: 70.94949 | DL414: 10.55565 | DM414: 0.0529 | DN414: 0.32419 | DO414: 0.00019 | DP414: 0.0232 | DQ414: 0 | DR414: 6.11838 | DS414: 3.0861 | DT414: 3.93681 | DU414: 0 | DV414: 13.49527 | DW414: 0.0047117183 | DX414: 0 | DY414: 0.4742 | DZ414: 1 | EA414: 132.33647 | EB414: 70.75501 | EC414: 0.12462 | ED414: 0 | EE414: 0.42888 | EF414: 0.08474 | EG414: 579.32707 | EH414: 0.68737 | EI414: 9.62542 | EJ414: 720.52762 | EK414: 14.1034 | EL414: 0.01146 | EM414: 0.00115 | EN414: 0.04001 | EO414: 157.73401 | EP414: 0.0057 | EQ414: 0.4122 | ER414: 0.00721 | ES414: 2.59743 | ET414: 8.77215 | EU414: 100 | EV414: 48.9881 | EW414: Nan | EX414: 0 | EY414: 1.40738
A415: 414 | B415: 0 | C415: 0.09415484 | D415: 3.9850338 | E415: 1.3010124 | F415: 10.336404 | G415: 11.968893 | H415: 10.012921 | I415: 6.9042348 | J415: 7.0095874 | K415: 8.7077714 | L415: 11.076858 | M415: 13.676121 | N415: 16.227025 | O415: 18.54144 | P415: 20.526714 | Q415: 2023.129 | R415: 0 | S415: 134.98797 | T415: 0 | U415: 0.0101 | V415: 0 | W415: 0.00019 | X415: 0.00252 | Y415: 20.49964 | Z415: 335.04064 | AA415: 3.22966 | AB415: 0.81978 | AC415: 7.95373 | AD415: 0 | AE415: 0 | AF415: 0 | AG415: 0 | AH415: 0 | AI415: 0 | AJ415: 0 | AK415: 0 | AL415: 0 | AM415: 0 | AN415: 0 | AO415: 0 | AP415: 0 | AQ415: 0.25171 | AR415: 0.00124 | AS415: 0.00371 | AT415: 0 | AU415: 0 | AV415: 0 | AW415: 0 | AX415: 0 | AY415: 0 | AZ415: 0 | BA415: 0 | BB415: 0 | BC415: 0 | BD415: 1e-05 | BE415: 1e-05 | BF415: 2e-05 | BG415: 0.01257 | BH415: 1.8978 | BI415: 0 | BJ415: 0.01267 | BK415: 0 | BL415: 0 | BM415: 4e-05 | BN415: 0 | BO415: 0 | BP415: 0 | BQ415: 7 | BR415: 6.4332764 | BS415: 1.7962939 | BT415: 2.5265967 | BU415: 4.6471143 | BV415: 5.834956 | BW415: 7.1635791 | BX415: 8.3602197 | BY415: 8.4658057 | BZ415: 8.3426221 | CA415: 8.2194385 | CB415: 8.140249 | CC415: 8.1050537 | CD415: 8.0962549 | CE415: 8.1138525 | CF415: 0 | CG415: 4173.6398 | CH415: 3961.7844 | CI415: 0 | CJ415: 0 | CK415: 0 | CL415: 0 | CM415: 3.93825 | CN415: 70.40947 | CO415: 0 | CP415: 0 | CQ415: 1e-05 | CR415: 0 | CS415: 0.23721 | CT415: 2.21864 | CU415: 7.79978 | CV415: 0 | CW415: 0 | CX415: 1 | CY415: 0 | CZ415: 0.03641 | DA415: 0 | DB415: 0 | DC415: 0 | DD415: 1 | DE415: 0 | DF415: 0.06813 | DG415: 0 | DH415: 0 | DI415: 0 | DJ415: 0 | DK415: 70.9499 | DL415: 10.55614 | DM415: 0.05213 | DN415: 0.32412 | DO415: 0.00019 | DP415: 0.0232 | DQ415: 0 | DR415: 0 | DS415: 3.08616 | DT415: 3.93694 | DU415: 0 | DV415: 12.97538 | DW415: 0.0047165448 | DX415: 0 | DY415: 0.4753 | DZ415: 1 | EA415: 132.34169 | EB415: 71.55518 | EC415: 0.12573 | ED415: 0 | EE415: 0.41143 | EF415: 0.08474 | EG415: 579.74161 | EH415: 0.68827 | EI415: 9.64632 | EJ415: 721.88345 | EK415: 14.13784 | EL415: 0.01147 | EM415: 0.00114 | EN415: 0.04092 | EO415: 157.85923 | EP415: 0.00571 | EQ415: 0.40977 | ER415: 0.00725 | ES415: 2.82081 | ET415: 8.77153 | EU415: 100 | EV415: 47.83589 | EW415: Nan | EX415: 0 | EY415: 1.40828
A416: 415 | B416: 0 | C416: 0.09415484 | D416: 7.745572 | E416: 0.72869208 | F416: 10.690329 | G416: 12.43892 | H416: 10.542317 | I416: 7.1234249 | J416: 6.9937199 | K416: 8.5697429 | L416: 10.873895 | M416: 13.438351 | N416: 15.977301 | O416: 18.298143 | P416: 20.301211 | Q416: 2024.6084 | R416: 0 | S416: 135.24735 | T416: 0 | U416: 0.00975 | V416: 0 | W416: 0.00018 | X416: 0.00239 | Y416: 20.49972 | Z416: 335.04102 | AA416: 3.2404 | AB416: 0.82694 | AC416: 7.95354 | AD416: 0 | AE416: 0 | AF416: 0 | AG416: 0 | AH416: 0 | AI416: 0 | AJ416: 0 | AK416: 0 | AL416: 0 | AM416: 0 | AN416: 0 | AO416: 0 | AP416: 0 | AQ416: 0.25171 | AR416: 0.00116 | AS416: 0.00365 | AT416: 0 | AU416: 0 | AV416: 0 | AW416: 0 | AX416: 0 | AY416: 0 | AZ416: 0 | BA416: 0 | BB416: 0 | BC416: 0 | BD416: 1e-05 | BE416: 1e-05 | BF416: 2e-05 | BG416: 0.01257 | BH416: 1.89781 | BI416: 0 | BJ416: 0.01267 | BK416: 0 | BL416: 0 | BM416: 4e-05 | BN416: 0 | BO416: 0 | BP416: 0 | BQ416: 7 | BR416: 6.4332764 | BS416: 2.2362353 | BT416: 2.5177979 | BU416: 4.6207178 | BV416: 5.8173584 | BW416: 7.0315967 | BX416: 8.3426221 | BY416: 8.4922022 | BZ416: 8.3778174 | CA416: 8.2546338 | CB416: 8.1666455 | CC416: 8.1226514 | CD416: 8.1138525 | CE416: 8.1314502 | CF416: 0 | CG416: 4412.9481 | CH416: 3952.3809 | CI416: 0 | CJ416: 0 | CK416: 0 | CL416: 0 | CM416: 3.93827 | CN416: 70.41245 | CO416: 0 | CP416: 0 | CQ416: 1e-05 | CR416: 0 | CS416: 0.21228 | CT416: 1.79629 | CU416: 4.42822 | CV416: 0 | CW416: 0 | CX416: 1 | CY416: 0 | CZ416: 0.03815 | DA416: 0 | DB416: 0 | DC416: 0 | DD416: 1 | DE416: 0 | DF416: 0.06751 | DG416: 0 | DH416: 0 | DI416: 0 | DJ416: 0 | DK416: 70.95017 | DL416: 10.55659 | DM416: 0.05109 | DN416: 0.32403 | DO416: 0.00018 | DP416: 0.0232 | DQ416: 0 | DR416: 0 | DS416: 3.08622 | DT416: 3.93707 | DU416: 0 | DV416: 13.58217 | DW416: 0.0047213713 | DX416: 0 | DY416: 0.47648 | DZ416: 1 | EA416: 132.34712 | EB416: 72.2565 | EC416: 0.12669 | ED416: 0 | EE416: 0.40896 | EF416: 0.08474 | EG416: 580.15676 | EH416: 0.68919 | EI416: 9.66724 | EJ416: 723.23927 | EK416: 14.17091 | EL416: 0.01149 | EM416: 0.00114 | EN416: 0.04167 | EO416: 157.98548 | EP416: 0.00572 | EQ416: 0.40735 | ER416: 0.00728 | ES416: 2.96353 | ET416: 8.771 | EU416: 100 | EV416: 46.71081 | EW416: Nan | EX416: 0 | EY416: 1.40828
A417: 416 | B417: 0 | C417: 0.09415484 | D417: 1.7612307 | E417: 1.067139 | F417: 10.781765 | G417: 12.881115 | H417: 11.075848 | I417: 7.3657618 | J417: 6.9944837 | K417: 8.441245 | L417: 10.677073 | M417: 13.204753 | N417: 15.729952 | O417: 18.055551 | P417: 20.07522 | Q417: 2026.0687 | R417: 0 | S417: 135.28277 | T417: 0 | U417: 0.00943 | V417: 0 | W417: 0.00017 | X417: 0.00226 | Y417: 20.4998 | Z417: 335.0414 | AA417: 3.2408 | AB417: 0.8272 | AC417: 7.95345 | AD417: 0 | AE417: 0 | AF417: 0 | AG417: 0 | AH417: 0 | AI417: 0 | AJ417: 0 | AK417: 0 | AL417: 0 | AM417: 0 | AN417: 0 | AO417: 0 | AP417: 0 | AQ417: 0.25171 | AR417: 0.00107 | AS417: 0.00358 | AT417: 0 | AU417: 0 | AV417: 0 | AW417: 0 | AX417: 0 | AY417: 0 | AZ417: 0 | BA417: 0 | BB417: 0 | BC417: 0 | BD417: 1e-05 | BE417: 1e-05 | BF417: 2e-05 | BG417: 0.01257 | BH417: 1.89782 | BI417: 0 | BJ417: 0.01267 | BK417: 0 | BL417: 0 | BM417: 4e-05 | BN417: 0 | BO417: 0 | BP417: 0 | BQ417: 7 | BR417: 6.4332764 | BS417: 2.2890283 | BT417: 2.2890283 | BU417: 5.2806299 | BV417: 5.8437549 | BW417: 6.9788037 | BX417: 8.3162256 | BY417: 8.5097998 | BZ417: 8.4130127 | CA417: 8.2810303 | CB417: 8.193042 | CC417: 8.1490479 | CD417: 8.1314502 | CE417: 8.140249 | CF417: 0 | CG417: 4306.7562 | CH417: 4312.1177 | CI417: 0 | CJ417: 0 | CK417: 0 | CL417: 0 | CM417: 3.93827 | CN417: 70.41512 | CO417: 0 | CP417: 0 | CQ417: 1e-05 | CR417: 0 | CS417: 0.1199 | CT417: 1.79629 | CU417: 10.13538 | CV417: 0 | CW417: 0 | CX417: 1 | CY417: 0 | CZ417: 0.03989 | DA417: 0 | DB417: 0 | DC417: 0 | DD417: 1 | DE417: 0 | DF417: 0.06689 | DG417: 0 | DH417: 0 | DI417: 0 | DJ417: 0 | DK417: 70.95031 | DL417: 10.55699 | DM417: 0.05013 | DN417: 0.32399 | DO417: 0.00018 | DP417: 0.02321 | DQ417: 0 | DR417: 6.3031 | DS417: 3.08626 | DT417: 3.93718 | DU417: 0 | DV417: 13.60472 | DW417: 0.0047261978 | DX417: 0 | DY417: 0.47561 | DZ417: 1 | EA417: 132.35259 | EB417: 72.91616 | EC417: 0.12754 | ED417: 0 | EE417: 0.43122 | EF417: 0.08474 | EG417: 580.57257 | EH417: 0.69012 | EI417: 9.68819 | EJ417: 724.5951 | EK417: 14.20275 | EL417: 0.01151 | EM417: 0.00113 | EN417: 0.04234 | EO417: 158.11263 | EP417: 0.00573 | EQ417: 0.40493 | ER417: 0.00731 | ES417: 3.01216 | ET417: 8.77055 | EU417: 100 | EV417: 45.6122 | EW417: Nan | EX417: 0 | EY417: 1.40828
... A501: 500 | B501: 0 | C501: 0.09415484 | D501: 1.7283877 | E501: 1.0397368 | F501: 10.341464 | G501: 11.269264 | H501: 9.2144662 | I501: 6.5379689 | J501: 6.933719 | K501: 8.7118565 | L501: 10.994102 | M501: 13.295219 | N501: 15.236727 | O501: 16.512878 | P501: 16.941615 | Q501: 2172.5513 | R501: 0 | S501: 125.98928 | T501: 0 | U501: 0.00076 | V501: 0 | W501: 0.00021 | X501: 0.00094 | Y501: 20.50183 | Z501: 335.07223 | AA501: 3.23499 | AB501: 0.82332 | AC501: 7.95585 | AD501: 0 | AE501: 0 | AF501: 0 | AG501: 0 | AH501: 0 | AI501: 0 | AJ501: 0 | AK501: 0 | AL501: 0 | AM501: 0 | AN501: 0 | AO501: 0 | AP501: 0 | AQ501: 0.25171 | AR501: 0.00059 | AS501: 3e-05 | AT501: 0 | AU501: 0 | AV501: 0 | AW501: 0 | AX501: 0 | AY501: 0 | AZ501: 0 | BA501: 0 | BB501: 0 | BC501: 0 | BD501: 0 | BE501: 0 | BF501: 0 | BG501: 0.01261 | BH501: 1.89802 | BI501: 0 | BJ501: 0.01271 | BK501: 0 | BL501: 0 | BM501: 5e-05 | BN501: 0 | BO501: 0 | BP501: 0 | BQ501: 7 | BR501: 6.4332764 | BS501: 2.2978271 | BT501: 2.2890283 | BU501: 4.7351025 | BV501: 5.9493408 | BW501: 7.3395557 | BX501: 8.3778174 | BY501: 8.4394092 | BZ501: 8.3162256 | CA501: 8.2106396 | CB501: 8.1578467 | CC501: 8.1490479 | CD501: 8.1842432 | CE501: 8.2898291 | CF501: 0 | CG501: 4352.513 | CH501: 4385.1647 | CI501: 0 | CJ501: 0 | CK501: 0 | CL501: 0 | CM501: 3.9336 | CN501: 70.28169 | CO501: 0 | CP501: 0 | CQ501: 1e-05 | CR501: 0 | CS501: 0.21082 | CT501: 1.79629 | CU501: 9.89233 | CV501: 0 | CW501: 0 | CX501: 1 | CY501: 0 | CZ501: 0.03375 | DA501: 0 | DB501: 0 | DC501: 0 | DD501: 1 | DE501: 0 | DF501: 0.05796 | DG501: 0 | DH501: 0 | DI501: 0 | DJ501: 0 | DK501: 70.86613 | DL501: 10.53699 | DM501: 0.00037 | DN501: 0.32458 | DO501: 2e-05 | DP501: 0.02328 | DQ501: 0 | DR501: 6.11195 | DS501: 3.08152 | DT501: 3.93393 | DU501: 0 | DV501: 13.2761 | DW501: 0.0051313052 | DX501: 0 | DY501: 0.44715 | DZ501: 1 | EA501: 132.97756 | EB501: 75.90223 | EC501: 0.12363 | ED501: 0 | EE501: 0.42706 | EF501: 0.08474 | EG501: 621.74458 | EH501: 0.7911 | EI501: 11.80318 | EJ501: 838.4848 | EK501: 14.82947 | EL501: 0.01335 | EM501: 0.00121 | EN501: 0.03467 | EO501: 170.38834 | EP501: 0.00594 | EQ501: 0.31774 | ER501: 0.0076 | ES501: 2.53989 | ET501: 8.80838 | EU501: 100 | EV501: 6.16594 | EW501: Nan | EX501: 0 | EY501: 1.40828
A502: 501 | B502: 0 | C502: 0.90611669 | D502: 7.0321983 | E502: 1.979288 | F502: 10.544667 | G502: 11.796653 | H502: 9.7386162 | I502: 6.7253311 | J502: 6.8977114 | K502: 8.5675764 | L502: 10.797452 | M502: 13.081569 | N502: 15.038969 | O502: 16.361019 | P502: 16.856077 | Q502: 2173.7372 | R502: 0 | S502: 126.40564 | T502: 0 | U502: 0.00071 | V502: 0 | W502: 0.0002 | X502: 0.00095 | Y502: 20.50183 | Z502: 335.07265 | AA502: 3.37606 | AB502: 0.91738 | AC502: 7.95566 | AD502: 0 | AE502: 0 | AF502: 0 | AG502: 0 | AH502: 0 | AI502: 0 | AJ502: 0 | AK502: 0 | AL502: 0 | AM502: 0 | AN502: 0 | AO502: 0 | AP502: 0 | AQ502: 0.25171 | AR502: 0.00055 | AS502: 3e-05 | AT502: 0 | AU502: 0 | AV502: 0 | AW502: 0 | AX502: 0 | AY502: 0 | AZ502: 0 | BA502: 0 | BB502: 0 | BC502: 0 | BD502: 0 | BE502: 0 | BF502: 0 | BG502: 0.01261 | BH502: 1.89802 | BI502: 0 | BJ502: 0.01271 | BK502: 0 | BL502: 0 | BM502: 5e-05 | BN502: 0 | BO502: 0 | BP502: 0 | BQ502: 7 | BR502: 6.2748975 | BS502: 1.8402881 | BT502: 2.5265967 | BU502: 4.6207178 | BV502: 5.8437549 | BW502: 7.1899756 | BX502: 8.3602197 | BY502: 8.4658057 | BZ502: 8.3514209 | CA502: 8.245835 | CB502: 8.193042 | CC502: 8.1754443 | CD502: 8.2018408 | CE502: 8.2986279 | CF502: 0 | CG502: 2430.108 | CH502: 2587.84 | CI502: 0.12843 | CJ502: 0.00012 | CK502: 0.00294 | CL502: 0.13149 | CM502: 3.93358 | CN502: 70.28054 | CO502: 0 | CP502: 0 | CQ502: 1e-05 | CR502: 0 | CS502: 0.24161 | CT502: 2.23624 | CU502: 13.0735 | CV502: 0 | CW502: 0 | CX502: 1 | CY502: 0 | CZ502: 0.0355 | DA502: 0 | DB502: 0 | DC502: 0 | DD502: 1 | DE502: 0 | DF502: 0.05771 | DG502: 0 | DH502: 0 | DI502: 0 | DJ502: 0 | DK502: 70.86577 | DL502: 10.53681 | DM502: 0.00036 | DN502: 0.31757 | DO502: 2e-05 | DP502: 0.02328 | DQ502: 0 | DR502: 0 | DS502: 3.08149 | DT502: 3.9339 | DU502: 0 | DV502: 21.24655 | DW502: 0.0051361244 | DX502: 0 | DY502: 0.44997 | DZ502: 1 | EA502: 132.97479 | EB502: 76.59811 | EC502: 0.12474 | ED502: 0 | EE502: 0.44647 | EF502: 0.19051 | EG502: 622.17713 | EH502: 0.79205 | EI502: 11.82408 | EJ502: 841.33315 | EK502: 14.8577 | EL502: 0.01337 | EM502: 0.0012 | EN502: 0.03561 | EO502: 170.51256 | EP502: 0.00595 | EQ502: 0.31612 | ER502: 0.00765 | ES502: 2.78044 | ET502: 8.80861 | EU502: 100 | EV502: 6.02063 | EW502: 0 | EX502: 0 | EY502: 1.40828
A503: 502 | B503: 0 | C503: 10.321578 | D503: 18.954806 | E503: 1.6823058 | F503: 12.260063 | G503: 12.397555 | H503: 10.276619 | I503: 6.9375396 | J503: 6.8775103 | K503: 8.431922 | L503: 10.605983 | M503: 12.870561 | N503: 14.841071 | O503: 16.206211 | P503: 16.765494 | Q503: 2174.9159 | R503: 0 | S503: 128.47053 | T503: 2e-05 | U503: 0.00073 | V503: 0.087 | W503: 0.10722 | X503: 0.00096 | Y503: 20.50184 | Z503: 335.07361 | AA503: 3.49246 | AB503: 0.99497 | AC503: 7.94997 | AD503: 0.01736 | AE503: 0.00115 | AF503: 0.00122 | AG503: 4e-05 | AH503: 0 | AI503: 0 | AJ503: 0 | AK503: 0 | AL503: 0 | AM503: 0 | AN503: 0 | AO503: 0 | AP503: 0 | AQ503: 0.25171 | AR503: 0.00185 | AS503: 3e-05 | AT503: 0 | AU503: 0 | AV503: 0.00363 | AW503: 0.00017 | AX503: 0 | AY503: 0 | AZ503: 0 | BA503: 0 | BB503: 0 | BC503: 0 | BD503: 0 | BE503: 0 | BF503: 0 | BG503: 0.01261 | BH503: 1.89802 | BI503: 0 | BJ503: 0.01271 | BK503: 6e-05 | BL503: 0 | BM503: 5e-05 | BN503: 0 | BO503: 0 | BP503: 0 | BQ503: 7 | BR503: 4.9374756 | BS503: 3.2832959 | BT503: 2.5969873 | BU503: 4.5767236 | BV503: 5.8085596 | BW503: 7.0491943 | BX503: 8.3426221 | BY503: 8.4922022 | BZ503: 8.395415 | CA503: 8.2810303 | CB503: 8.2194385 | CC503: 8.2018408 | CD503: 8.2194385 | CE503: 8.3074268 | CF503: 0 | CG503: 1846.018 | CH503: 1836.4224 | CI503: 1.4776 | CJ503: 1.48708 | CK503: 0.32591 | CL503: 3.29058 | CM503: 3.93357 | CN503: 70.27961 | CO503: 0 | CP503: 0 | CQ503: 0.00018 | CR503: 0.00817 | CS503: 0.21962 | CT503: 2.27143 | CU503: 9.66169 | CV503: 0.50738 | CW503: 0 | CX503: 1 | CY503: 0 | CZ503: 0.03728 | DA503: 0 | DB503: 0 | DC503: 0 | DD503: 1 | DE503: 0 | DF503: 0.05744 | DG503: 0.00021 | DH503: 0 | DI503: 0.00064 | DJ503: 0 | DK503: 70.86549 | DL503: 10.53667 | DM503: 0.00036 | DN503: 0.34153 | DO503: 2e-05 | DP503: 0.02328 | DQ503: 0 | DR503: 0 | DS503: 3.08147 | DT503: 3.93387 | DU503: 1e-05 | DV503: 27.82245 | DW503: 0.0051409436 | DX503: 0 | DY503: 0.45955 | DZ503: 1 | EA503: 132.96762 | EB503: 77.183 | EC503: 0.12632 | ED503: 0 | EE503: 1.54941 | EF503: 0.41888 | EG503: 623.30168 | EH503: 0.79301 | EI503: 11.84502 | EJ503: 847.55009 | EK503: 14.88443 | EL503: 0.01339 | EM503: 0.00118 | EN503: 0.03702 | EO503: 170.63805 | EP503: 0.00596 | EQ503: 0.31452 | ER503: 0.00773 | ES503: 2.94632 | ET503: 8.80883 | EU503: 100 | EV503: 5.88732 | EW503: 0.43488 | EX503: 0 | EY503: 1.40828
A504: 503 | B504: 0 | C504: 11.824335 | D504: 6.9263812 | E504: 4.3494001 | F504: 14.032187 | G504: 13.157955 | H504: 10.83934 | I504: 7.1744977 | J504: 6.8737402 | K504: 8.3053492 | L504: 10.41991 | M504: 12.662384 | N504: 14.643273 | O504: 16.048718 | P504: 16.670074 | Q504: 2176.087 | R504: 0 | S504: 130.82743 | T504: 0.0013 | U504: 0.00718 | V504: 0.64584 | W504: 0.59882 | X504: 0.00097 | Y504: 20.50185 | Z504: 335.22439 | AA504: 3.82336 | AB504: 1.21557 | AC504: 7.54588 | AD504: 0.01864 | AE504: 0.00923 | AF504: 0.01298 | AG504: 0.00087 | AH504: 3e-05 | AI504: 0 | AJ504: 0 | AK504: 0 | AL504: 0 | AM504: 0 | AN504: 0 | AO504: 0 | AP504: 0 | AQ504: 0.25171 | AR504: 0.02236 | AS504: 0.00033 | AT504: 0 | AU504: 0 | AV504: 0.02657 | AW504: 0.00386 | AX504: 0.00021 | AY504: 0 | AZ504: 0 | BA504: 0 | BB504: 0 | BC504: 0 | BD504: 0 | BE504: 0 | BF504: 0 | BG504: 0.01261 | BH504: 1.89802 | BI504: 0 | BJ504: 0.01271 | BK504: 0.00517 | BL504: 0 | BM504: 5e-05 | BN504: 0 | BO504: 0 | BP504: 5e-05 | BQ504: 7 | BR504: 4.9286768 | BS504: 3.2041064 | BT504: 2.7729639 | BU504: 4.9726709 | BV504: 5.7997607 | BW504: 6.9788037 | BX504: 8.3162256 | BY504: 8.5185986 | BZ504: 8.4306104 | CA504: 8.3162256 | CB504: 8.245835 | CC504: 8.2194385 | CD504: 8.245835 | CE504: 8.3250244 | CF504: 0 | CG504: 1715.8008 | CH504: 1265.7702 | CI504: 1.41361 | CJ504: 6.44557 | CK504: 2.45743 | CL504: 10.31661 | CM504: 3.93607 | CN504: 70.33448 | CO504: 0 | CP504: 0 | CQ504: 0.00925 | CR504: 0.32112 | CS504: 0.17122 | CT504: 2.90495 | CU504: 36.00424 | CV504: 0.3541 | CW504: 0 | CX504: 1 | CY504: 2e-05 | CZ504: 0.03917 | DA504: 1e-05 | DB504: 0 | DC504: 0 | DD504: 1 | DE504: 0 | DF504: 0.05716 | DG504: 0.00321 | DH504: 0 | DI504: 0.00412 | DJ504: 0 | DK504: 70.91056 | DL504: 10.5449 | DM504: 0.00463 | DN504: 0.34226 | DO504: 5e-05 | DP504: 0.02328 | DQ504: 0 | DR504: 22.12142 | DS504: 3.08149 | DT504: 3.93389 | DU504: 0.00046 | DV504: 46.51742 | DW504: 0.0051457633 | DX504: 0 | DY504: 0.71103 | DZ504: 1 | EA504: 131.86153 | EB504: 77.70149 | EC504: 0.13063 | ED504: 0 | EE504: 1.91694 | EF504: 0.42286 | EG504: 625.02236 | EH504: 0.79402 | EI504: 11.86604 | EJ504: 854.215 | EK504: 14.90835 | EL504: 0.01341 | EM504: 0.00115 | EN504: 0.04118 | EO504: 170.76625 | EP504: 0.00597 | EQ504: 0.31292 | ER504: 0.00792 | ES504: 3.02935 | ET504: 8.8081 | EU504: 100 | EV504: 12.18527 | EW504: Nan | EX504: 0 | EY504: 1.54278
A505: 504 | B505: 0 | C505: 12.301547 | D505: 18.983368 | E505: 7.4349724 | F505: 15.328241 | G505: 14.083791 | H505: 11.439713 | I505: 7.4370535 | J505: 6.8870344 | K505: 8.1888616 | L505: 10.239632 | M505: 12.45741 | N505: 14.44598 | O505: 15.888923 | P505: 16.57009 | Q505: 2177.2486 | R505: 0 | S505: 132.96673 | T505: 0.01022 | U505: 0.0726 | V505: 1.09321 | W505: 1.99357 | X505: 0.00099 | Y505: 20.50186 | Z505: 335.7295 | AA505: 4.11552 | AB505: 1.41035 | AC505: 7.16406 | AD505: 0.07192 | AE505: 0.01991 | AF505: 0.03419 | AG505: 0.00424 | AH505: 0.00023 | AI505: 1e-05 | AJ505: 0 | AK505: 0 | AL505: 0 | AM505: 0 | AN505: 0 | AO505: 0 | AP505: 0 | AQ505: 0.25171 | AR505: 0.06327 | AS505: 0.00352 | AT505: 0 | AU505: 0 | AV505: 0.05975 | AW505: 0.0074 | AX505: 0.00085 | AY505: 4e-05 | AZ505: 0 | BA505: 0 | BB505: 0 | BC505: 0 | BD505: 0 | BE505: 0 | BF505: 0 | BG505: 0.01261 | BH505: 1.89802 | BI505: 0 | BJ505: 0.01271 | BK505: 0.00997 | BL505: 0 | BM505: 5e-05 | BN505: 0 | BO505: 0 | BP505: 0.00012 | BQ505: 7 | BR505: 4.9286768 | BS505: 3.0985205 | BT505: 2.816958 | BU505: 4.8318896 | BV505: 5.7821631 | BW505: 6.9436084 | BX505: 8.2986279 | BY505: 8.5361963 | BZ505: 8.4658057 | CA505: 8.3514209 | CB505: 8.2810303 | CC505: 8.245835 | CD505: 8.2634326 | CE505: 8.3338232 | CF505: 0 | CG505: 1579.9111 | CH505: 1101.5354 | CI505: 12.19152 | CJ505: 1.65142 | CK505: 4.0404 | CL505: 17.88334 | CM505: 3.95309 | CN505: 70.72334 | CO505: 0 | CP505: 0 | CQ505: 0.03992 | CR505: 0.64898 | CS505: 0.20348 | CT505: 2.92254 | CU505: 37.80128 | CV505: 0.87343 | CW505: 0 | CX505: 1 | CY505: 0.00061 | CZ505: 0.04289 | DA505: 5e-05 | DB505: 0 | DC505: 0 | DD505: 1 | DE505: 0 | DF505: 0.05687 | DG505: 0.00782 | DH505: 0 | DI505: 0.00937 | DJ505: 0 | DK505: 71.21727 | DL505: 10.6032 | DM505: 0.03569 | DN505: 0.33821 | DO505: 0.00022 | DP505: 0.02328 | DQ505: 1e-05 | DR505: 0 | DS505: 3.0822 | DT505: 3.93472 | DU505: 0.00089 | DV505: 63.02364 | DW505: 0.0051505933 | DX505: 0 | DY505: 0.95181 | DZ505: 1 | EA505: 128.28211 | EB505: 78.06777 | EC505: 0.14063 | ED505: 0 | EE505: 1.88966 | EF505: 0.42379 | EG505: 626.90428 | EH505: 0.79512 | EI505: 11.8872 | EJ505: 860.92479 | EK505: 14.9251 | EL505: 0.01343 | EM505: 0.00113 | EN505: 0.05109 | EO505: 170.90178 | EP505: 0.00599 | EQ505: 0.31133 | ER505: 0.00831 | ES505: 3.0617 | ET505: 8.79389 | EU505: 100 | EV505: 55.24356 | EW505: Nan | EX505: 0 | EY505: 2.4301
A506: 505 | B506: 0 | C506: 10.299831 | D506: 42.722673 | E506: 5.7006622 | F506: 17.488936 | G506: 15.107298 | H506: 12.083746 | I506: 7.7266886 | J506: 6.9180945 | K506: 8.0851735 | L506: 10.066129 | M506: 12.256596 | N506: 14.250149 | O506: 15.727644 | P506: 16.466051 | Q506: 2178.395 | R506: 0 | S506: 136.1765 | T506: 0.03371 | U506: 0.30222 | V506: 1.89399 | W506: 3.95787 | X506: 0.00104 | Y506: 20.50186 | Z506: 336.46569 | AA506: 4.2756 | AB506: 1.51707 | AC506: 6.92372 | AD506: 0.19802 | AE506: 0.01405 | AF506: 0.06576 | AG506: 0.01074 | AH506: 0.00082 | AI506: 3e-05 | AJ506: 0 | AK506: 0 | AL506: 0 | AM506: 0 | AN506: 0 | AO506: 0 | AP506: 0 | AQ506: 0.25171 | AR506: 0.11209 | AS506: 0.01157 | AT506: 0 | AU506: 0 | AV506: 0.10056 | AW506: 0.0121 | AX506: 0.00132 | AY506: 0.00012 | AZ506: 1e-05 | BA506: 0 | BB506: 0 | BC506: 0 | BD506: 0 | BE506: 0 | BF506: 0 | BG506: 0.01261 | BH506: 1.89802 | BI506: 0 | BJ506: 0.01271 | BK506: 0.01294 | BL506: 0 | BM506: 5e-05 | BN506: 1e-05 | BO506: 0 | BP506: 0.00019 | BQ506: 7 | BR506: 4.9374756 | BS506: 3.1161182 | BT506: 2.8785498 | BU506: 4.708706 | BV506: 5.7645654 | BW506: 6.9084131 | BX506: 8.2722314 | BY506: 8.5537939 | BZ506: 8.501001 | CA506: 8.3866162 | CB506: 8.3074268 | CC506: 8.2722314 | CD506: 8.2810303 | CE506: 8.3426221 | CF506: 0 | CG506: 1678.5861 | CH506: 770.53222 | CI506: 4.92872 | CJ506: 13.44952 | CK506: 4.70214 | CL506: 23.08038 | CM506: 3.99104 | CN506: 71.67805 | CO506: 0 | CP506: 0 | CQ506: 0.12429 | CR506: 1.17625 | CS506: 0.20055 | CT506: 2.89615 | CU506: 24.23326 | CV506: 1.94727 | CW506: 0 | CX506: 1 | CY506: 0.00185 | CZ506: 0.0487 | DA506: 9e-05 | DB506: 0 | DC506: 0 | DD506: 1 | DE506: 0 | DF506: 0.05656 | DG506: 0.01205 | DH506: 0 | DI506: 0.01388 | DJ506: 0 | DK506: 71.90097 | DL506: 10.74633 | DM506: 0.15309 | DN506: 0.32411 | DO506: 0.00059 | DP506: 0.02329 | DQ506: 1e-05 | DR506: 0 | DS506: 3.08511 | DT506: 3.93803 | DU506: 0.00116 | DV506: 72.06785 | DW506: 0.0051554561 | DX506: 0 | DY506: 1.10429 | DZ506: 1 | EA506: 123.53318 | EB506: 78.01916 | EC506: 0.15261 | ED506: 0 | EE506: 1.94564 | EF506: 0.41882 | EG506: 628.89934 | EH506: 0.79637 | EI506: 11.90855 | EJ506: 867.66822 | EK506: 14.93033 | EL506: 0.01345 | EM506: 0.00111 | EN506: 0.06303 | EO506: 171.04884 | EP506: 0.006 | EQ506: 0.30973 | ER506: 0.00872 | ES506: 3.07549 | ET506: 8.7398 | EU506: 100 | EV506: 149.78037 | EW506: Nan | EX506: 0 | EY506: 2.27288
A507: 506 | B507: 0 | C507: 12.159914 | D507: 13.604272 | E507: 8.1247199 | F507: 18.742964 | G507: 16.181874 | H507: 12.775097 | I507: 8.0450602 | J507: 6.9677119 | K507: 7.9985463 | L507: 9.9009685 | M507: 12.061465 | N507: 14.057304 | O507: 15.566183 | P507: 16.358789 | Q507: 2179.5164 | R507: 0 | S507: 138.65596 | T507: 0.07161 | U507: 0.77325 | V507: 2.29355 | W507: 5.1623 | X507: 0.00117 | Y507: 20.50187 | Z507: 337.37112 | AA507: 4.60069 | AB507: 1.73379 | AC507: 6.73462 | AD507: 0.07119 | AE507: 0.02706 | AF507: 0.09506 | AG507: 0.02033 | AH507: 0.00202 | AI507: 0.0001 | AJ507: 0 | AK507: 0 | AL507: 0 | AM507: 0 | AN507: 0 | AO507: 0 | AP507: 0 | AQ507: 0.25171 | AR507: 0.16141 | AS507: 0.02374 | AT507: 0 | AU507: 0 | AV507: 0.14888 | AW507: 0.01804 | AX507: 0.00183 | AY507: 0.00019 | AZ507: 2e-05 | BA507: 0 | BB507: 0 | BC507: 0 | BD507: 0 | BE507: 0 | BF507: 0 | BG507: 0.01261 | BH507: 1.89802 | BI507: 0 | BJ507: 0.01271 | BK507: 0.01526 | BL507: 0 | BM507: 5e-05 | BN507: 1e-05 | BO507: 0 | BP507: 0.00025 | BQ507: 7 | BR507: 4.9374756 | BS507: 3.019331 | BT507: 2.8081592 | BU507: 5.0430615 | BV507: 5.7557666 | BW507: 6.864419 | BX507: 8.2370361 | BY507: 8.5625928 | BZ507: 8.5273975 | CA507: 8.4218115 | CB507: 8.3338232 | CC507: 8.2986279 | CD507: 8.2986279 | CE507: 8.3602197 | CF507: 0 | CG507: 1612.3872 | CH507: 947.0263 | CI507: 3.38642 | CJ507: 18.88983 | CK507: 7.88422 | CL507: 30.16047 | CM507: 4.04909 | CN507: 73.30479 | CO507: 0 | CP507: 0 | CQ507: 0.23202 | CR507: 1.73692 | CS507: 0.15949 | CT507: 2.86095 | CU507: 69.29078 | CV507: 0.66683 | CW507: 0 | CX507: 1 | CY507: 0.00314 | CZ507: 0.0548 | DA507: 0.00013 | DB507: 0 | DC507: 0 | DD507: 1 | DE507: 0 | DF507: 0.05624 | DG507: 0.01737 | DH507: 0 | DI507: 0.0189 | DJ507: 0 | DK507: 72.94666 | DL507: 10.99022 | DM507: 0.33242 | DN507: 0.30895 | DO507: 0.00117 | DP507: 0.02329 | DQ507: 3e-05 | DR507: 32.90205 | DS507: 3.09176 | DT507: 3.94558 | DU507: 0.00137 | DV507: 90.4353 | DW507: 0.0051603774 | DX507: 0 | DY507: 1.21943 | DZ507: 1 | EA507: 117.92512 | EB507: 77.34658 | EC507: 0.16273 | ED507: 0 | EE507: 2.09114 | EF507: 0.423 | EG507: 630.9338 | EH507: 0.79778 | EI507: 11.9301 | EJ507: 874.38312 | EK507: 14.92432 | EL507: 0.01347 | EM507: 0.0011 | EN507: 0.07318 | EO507: 171.20704 | EP507: 0.00601 | EQ507: 0.30812 | ER507: 0.00903 | ES507: 3.08199 | ET507: 8.62328 | EU507: 100 | EV507: 290.84854 | EW507: Nan | EX507: 0 | EY507: 5.10388
A508: 507 | B508: 0 | C508: 10.132642 | D508: 30.998786 | E508: 11.363443 | F508: 19.235795 | G508: 17.275151 | H508: 13.511363 | I508: 8.393837 | J508: 7.0367703 | K508: 7.9329424 | L508: 9.7457426 | M508: 11.873478 | N508: 13.868965 | O508: 15.405911 | P508: 16.249275 | Q508: 2180.6032 | R508: 0 | S508: 140.52923 | T508: 0.11917 | U508: 1.49831 | V508: 2.2462 | W508: 7.37085 | X508: 0.00148 | Y508: 20.50188 | Z508: 338.41146 | AA508: 4.84518 | AB508: 1.89679 | AC508: 6.58244 | AD508: 0.19017 | AE508: 0.0436 | AF508: 0.11917 | AG508: 0.03275 | AH508: 0.00396 | AI508: 0.00024 | AJ508: 1e-05 | AK508: 0 | AL508: 0 | AM508: 0 | AN508: 0 | AO508: 0 | AP508: 0 | AQ508: 0.25171 | AR508: 0.20848 | AS508: 0.03934 | AT508: 0 | AU508: 0 | AV508: 0.19799 | AW508: 0.02495 | AX508: 0.00242 | AY508: 0.00026 | AZ508: 3e-05 | BA508: 0 | BB508: 0 | BC508: 0 | BD508: 0 | BE508: 0 | BF508: 0 | BG508: 0.01261 | BH508: 1.89802 | BI508: 0 | BJ508: 0.01271 | BK508: 0.01711 | BL508: 0 | BM508: 5e-05 | BN508: 2e-05 | BO508: 0 | BP508: 0.00031 | BQ508: 7 | BR508: 4.9286768 | BS508: 2.8433545 | BT508: 2.8521533 | BU508: 4.9110791 | BV508: 5.7469678 | BW508: 6.8292236 | BX508: 8.2018408 | BY508: 8.5713916 | BZ508: 8.5625928 | CA508: 8.4570068 | CB508: 8.3602197 | CC508: 8.3162256 | CD508: 8.3162256 | CE508: 8.3690185 | CF508: 0 | CG508: 1682.5499 | CH508: 1007.4849 | CI508: 26.14824 | CJ508: 4.46123 | CK508: 6.92418 | CL508: 37.53366 | CM508: 4.12464 | CN508: 75.66682 | CO508: 0 | CP508: 0 | CQ508: 0.32203 | CR508: 2.04107 | CS508: 0.19175 | CT508: 2.91375 | CU508: 64.85395 | CV508: 1.43443 | CW508: 0 | CX508: 1 | CY508: 0.0048 | CZ508: 0.06209 | DA508: 0.00016 | DB508: 0 | DC508: 0 | DD508: 1 | DE508: 0 | DF508: 0.05592 | DG508: 0.02159 | DH508: 0 | DI508: 0.02349 | DJ508: 0 | DK508: 74.30787 | DL508: 11.34435 | DM508: 0.50656 | DN508: 0.29719 | DO508: 0.00192 | DP508: 0.0233 | DQ508: 5e-05 | DR508: 0 | DS508: 3.10338 | DT508: 3.95878 | DU508: 0.00153 | DV508: 104.25794 | DW508: 0.0051653805 | DX508: 0 | DY508: 1.31581 | DZ508: 1 | EA508: 111.61608 | EB508: 75.98723 | EC508: 0.17058 | ED508: 0 | EE508: 2.00573 | EF508: 0.41889 | EG508: 632.95199 | EH508: 0.79931 | EI508: 11.95186 | EJ508: 881.09085 | EK508: 14.90941 | EL508: 0.01349 | EM508: 0.0011 | EN508: 0.08111 | EO508: 171.37409 | EP508: 0.00602 | EQ508: 0.30649 | ER508: 0.00925 | ES508: 3.0759 | ET508: 8.43271 | EU508: 100 | EV508: 468.76273 | EW508: Nan | EX508: 0 | EY508: 4.67777
A509: 508 | B509: 0 | C509: 11.487643 | D509: 71.030567 | E509: 7.0327568 | F509: 20.634167 | G509: 18.332711 | H509: 14.286297 | I509: 8.7743046 | J509: 7.1262284 | K509: 7.8906878 | L509: 9.6015673 | M509: 11.693547 | N509: 13.686155 | O509: 15.247873 | P509: 16.13838 | Q509: 2181.6491 | R509: 0 | S509: 143.41192 | T509: 0.17189 | U509: 2.45349 | V509: 2.76331 | W509: 9.68171 | X509: 0.0021 | Y509: 20.50189 | Z509: 339.56026 | AA509: 5.18089 | AB509: 2.1206 | AC509: 6.45599 | AD509: 0.43701 | AE509: 0.02195 | AF509: 0.14968 | AG509: 0.04742 | AH509: 0.00676 | AI509: 0.00047 | AJ509: 3e-05 | AK509: 0 | AL509: 0 | AM509: 0 | AN509: 0 | AO509: 0 | AP509: 0 | AQ509: 0.25171 | AR509: 0.25225 | AS509: 0.05764 | AT509: 0 | AU509: 0 | AV509: 0.24528 | AW509: 0.03293 | AX509: 0.00307 | AY509: 0.00033 | AZ509: 4e-05 | BA509: 0 | BB509: 0 | BC509: 0 | BD509: 0 | BE509: 0 | BF509: 0 | BG509: 0.01261 | BH509: 1.89802 | BI509: 0 | BJ509: 0.01271 | BK509: 0.01862 | BL509: 0 | BM509: 5e-05 | BN509: 3e-05 | BO509: 0 | BP509: 0.00037 | BQ509: 7 | BR509: 4.9286768 | BS509: 2.9137451 | BT509: 2.8609522 | BU509: 4.8230908 | BV509: 5.7557666 | BW509: 6.7852295 | BX509: 8.1666455 | BY509: 8.5713916 | BZ509: 8.5889893 | CA509: 8.4834033 | CB509: 8.395415 | CC509: 8.3426221 | CD509: 8.3338232 | CE509: 8.3866162 | CF509: 0 | CG509: 1607.2618 | CH509: 736.78861 | CI509: 9.46667 | CJ509: 29.3716 | CK509: 5.74036 | CL509: 44.57864 | CM509: 4.21452 | CN509: 78.80331 | CO509: 0 | CP509: 0 | CQ509: 0.45043 | CR509: 2.4987 | CS509: 0.18442 | CT509: 2.86095 | CU509: 41.92352 | CV509: 3.10721 | CW509: 0 | CX509: 1 | CY509: 0.00659 | CZ509: 0.0699 | DA509: 0.00019 | DB509: 0 | DC509: 0 | DD509: 1 | DE509: 0 | DF509: 0.05559 | DG509: 0.02521 | DH509: 0 | DI509: 0.02695 | DJ509: 0 | DK509: 75.92702 | DL509: 11.81459 | DM509: 0.79001 | DN509: 0.28214 | DO509: 0.00282 | DP509: 0.02331 | DQ509: 7e-05 | DR509: 0 | DS509: 3.12084 | DT509: 3.9786 | DU509: 0.00167 | DV509: 123.25647 | DW509: 0.005170485 | DX509: 0 | DY509: 1.39557 | DZ509: 1 | EA509: 104.83818 | EB509: 73.99146 | EC509: 0.17684 | ED509: 0 | EE509: 1.98356 | EF509: 0.42215 | EG509: 634.99067 | EH509: 0.80093 | EI509: 11.9738 | EJ509: 887.80675 | EK509: 14.88764 | EL509: 0.01351 | EM509: 0.00111 | EN509: 0.0875 | EO509: 171.5481 | EP509: 0.00603 | EQ509: 0.30482 | ER509: 0.00942 | ES509: 3.05664 | ET509: 8.16725 | EU509: 100 | EV509: 672.9574 | EW509: Nan | EX509: 0 | EY509: 4.29284
A510: 509 | B510: 0 | C510: 12.297337 | D510: 20.510363 | E510: 9.9778221 | F510: 21.267123 | G510: 19.344703 | H510: 15.092384 | I510: 9.1871121 | J510: 7.237082 | K510: 7.8724839 | L510: 9.4689978 | M510: 11.521988 | N510: 13.509327 | O510: 15.092676 | P510: 16.026762 | Q510: 2182.6524 | R510: 0 | S510: 145.62064 | T510: 0.227 | U510: 3.60835 | V510: 2.9086 | W510: 10.83077 | X510: 0.00323 | Y510: 20.50189 | Z510: 340.80151 | AA510: 5.39082 | AB510: 2.26055 | AC510: 6.34601 | AD510: 0.13286 | AE510: 0.04115 | AF510: 0.17306 | AG510: 0.06384 | AH510: 0.01046 | AI510: 0.00083 | AJ510: 5e-05 | AK510: 0 | AL510: 0 | AM510: 0 | AN510: 0 | AO510: 0 | AP510: 0 | AQ510: 0.25171 | AR510: 0.29241 | AS510: 0.07798 | AT510: 0 | AU510: 0 | AV510: 0.29106 | AW510: 0.04238 | AX510: 0.00383 | AY510: 0.00041 | AZ510: 6e-05 | BA510: 1e-05 | BB510: 0 | BC510: 0 | BD510: 0 | BE510: 0 | BF510: 0 | BG510: 0.01261 | BH510: 1.89802 | BI510: 0 | BJ510: 0.01271 | BK510: 0.01991 | BL510: 0 | BM510: 5e-05 | BN510: 4e-05 | BO510: 0 | BP510: 0.00044 | BQ510: 7 | BR510: 4.9286768 | BS510: 2.8081592 | BT510: 2.7905615 | BU510: 5.2630322 | BV510: 5.7733643 | BW510: 6.7500342 | BX510: 8.1314502 | BY510: 8.5713916 | BZ510: 8.6153857 | CA510: 8.5185986 | CB510: 8.4218115 | CC510: 8.3690185 | CD510: 8.3602197 | CE510: 8.4042139 | CF510: 0 | CG510: 1634.6437 | CH510: 959.08328 | CI510: 5.55101 | CJ510: 35.81409 | CK510: 10.58295 | CL510: 51.94805 | CM510: 4.31544 | CN510: 82.73977 | CO510: 0 | CP510: 0 | CQ510: 0.5725 | CR510: 2.93817 | CS510: 0.12283 | CT510: 2.85215 | CU510: 111.68237 | CV510: 0.82826 | CW510: 0 | CX510: 1 | CY510: 0.00866 | CZ510: 0.07859 | DA510: 0.00023 | DB510: 0 | DC510: 0 | DD510: 1 | DE510: 0 | DF510: 0.05526 | DG510: 0.02938 | DH510: 0 | DI510: 0.03101 | DJ510: 0 | DK510: 77.74527 | DL510: 12.40476 | DM510: 1.09167 | DN510: 0.27447 | DO510: 0.00383 | DP510: 0.02333 | DQ510: 9e-05 | DR510: 34.16871 | DS510: 3.14461 | DT510: 4.00564 | DU510: 0.00179 | DV510: 135.24308 | DW510: 0.0051757067 | DX510: 0 | DY510: 1.46045 | DZ510: 1 | EA510: 97.79904 | EB510: 71.47407 | EC510: 0.1821 | ED510: 0 | EE510: 2.14203 | EF510: 0.42378 | EG510: 637.0338 | EH510: 0.80264 | EI510: 11.99589 | EJ510: 894.51178 | EK510: 14.86035 | EL510: 0.01353 | EM510: 0.00112 | EN510: 0.09293 | EO510: 171.72781 | EP510: 0.00604 | EQ510: 0.30311 | ER510: 0.00956 | ES510: 3.02592 | ET510: 7.83444 | EU510: 100 | EV510: 894.08086 | EW510: Nan | EX510: 0 | EY510: 3.94747
A511: 510 | B511: 0 | C511: 10.299995 | D511: 44.007335 | E511: 14.037702 | F511: 21.298494 | G511: 20.322278 | H511: 15.920985 | I511: 9.6321693 | J511: 7.3703123 | K511: 7.878015 | L511: 9.3481699 | M511: 11.358707 | N511: 13.33851 | O511: 14.940579 | P511: 15.91487 | Q511: 2183.6139 | R511: 0 | S511: 147.32309 | T511: 0.28294 | U511: 4.9356 | V511: 2.6724 | W511: 13.19604 | X511: 0.00513 | Y511: 20.5019 | Z511: 342.12574 | AA511: 5.59223 | AB511: 2.39482 | AC511: 6.24706 | AD511: 0.31416 | AE511: 0.06464 | AF511: 0.19006 | AG511: 0.08183 | AH511: 0.01513 | AI511: 0.00135 | AJ511: 9e-05 | AK511: 1e-05 | AL511: 0 | AM511: 0 | AN511: 0 | AO511: 0 | AP511: 0 | AQ511: 0.25171 | AR511: 0.32903 | AS511: 0.10004 | AT511: 0 | AU511: 0 | AV511: 0.33446 | AW511: 0.05319 | AX511: 0.0047 | AY511: 0.00051 | AZ511: 8e-05 | BA511: 1e-05 | BB511: 0 | BC511: 0 | BD511: 0 | BE511: 0 | BF511: 0 | BG511: 0.01261 | BH511: 1.89802 | BI511: 0 | BJ511: 0.01271 | BK511: 0.02107 | BL511: 1e-05 | BM511: 5e-05 | BN511: 5e-05 | BO511: 0 | BP511: 0.00049 | BQ511: 7 | BR511: 4.9374756 | BS511: 2.7025732 | BT511: 2.7729639 | BU511: 5.0254639 | BV511: 5.7733643 | BW511: 6.7236377 | BX511: 8.0874561 | BY511: 8.5625928 | BZ511: 8.6417822 | CA511: 8.5449951 | CB511: 8.448208 | CC511: 8.3866162 | CD511: 8.3778174 | CE511: 8.4130127 | CF511: 0 | CG511: 1713.2754 | CH511: 1060.3313 | CI511: 41.67766 | CJ511: 7.2914 | CK511: 8.01212 | CL511: 56.98118 | CM511: 4.42437 | CN511: 87.49622 | CO511: 0 | CP511: 0 | CQ511: 0.66563 | CR511: 3.1905 | CS511: 0.17415 | CT511: 2.75537 | CU511: 93.07698 | CV511: 1.80294 | CW511: 0 | CX511: 1 | CY511: 0.01099 | CZ511: 0.0881 | DA511: 0.00027 | DB511: 0 | DC511: 0 | DD511: 1 | DE511: 0 | DF511: 0.05493 | DG511: 0.03304 | DH511: 0 | DI511: 0.03491 | DJ511: 0 | DK511: 79.7076 | DL511: 13.11787 | DM511: 1.34096 | DN511: 0.26467 | DO511: 0.00495 | DP511: 0.02335 | DQ511: 0.00012 | DR511: 0 | DS511: 3.17484 | DT511: 4.04012 | DU511: 0.00189 | DV511: 146.92128 | DW511: 0.0051810575 | DX511: 0 | DY511: 1.52272 | DZ511: 1 | EA511: 90.66712 | EB511: 68.57032 | EC511: 0.18667 | ED511: 0 | EE511: 2.00555 | EF511: 0.41882 | EG511: 639.06826 | EH511: 0.80442 | EI511: 12.01814 | EJ511: 901.25518 | EK511: 14.82845 | EL511: 0.01355 | EM511: 0.00113 | EN511: 0.09768 | EO511: 171.91239 | EP511: 0.00605 | EQ511: 0.30137 | ER511: 0.00968 | ES511: 2.9838 | ET511: 7.44708 | EU511: 100 | EV511: 1125.0772 | EW511: Nan | EX511: 0 | EY511: 7.64596
A512: 511 | B512: 0 | C512: 12.160113 | D512: 96.440011 | E512: 7.7855258 | F512: 22.289597 | G512: 21.2246 | H512: 16.763361 | I512: 10.108669 | J512: 7.5268334 | K512: 7.9065158 | L512: 9.2389748 | M512: 11.203385 | N512: 13.173486 | O512: 14.791609 | P512: 15.802984 | Q512: 2184.5362 | R512: 0 | S512: 150.03002 | T512: 0.33871 | U512: 6.411 | V512: 3.12013 | W512: 15.54424 | X512: 0.00816 | Y512: 20.50191 | Z512: 343.52542 | AA512: 5.93127 | AB512: 2.62085 | AC512: 6.15506 | AD512: 0.6824 | AE512: 0.02778 | AF512: 0.21431 | AG512: 0.10088 | AH512: 0.02077 | AI512: 0.00204 | AJ512: 0.00015 | AK512: 1e-05 | AL512: 0 | AM512: 0 | AN512: 0 | AO512: 0 | AP512: 0 | AQ512: 0.25171 | AR512: 0.3623 | AS512: 0.12367 | AT512: 0 | AU512: 0 | AV512: 0.37428 | AW512: 0.06517 | AX512: 0.00568 | AY512: 0.00062 | AZ512: 0.0001 | BA512: 2e-05 | BB512: 0 | BC512: 0 | BD512: 0 | BE512: 0 | BF512: 0 | BG512: 0.01261 | BH512: 1.89802 | BI512: 0 | BJ512: 0.01271 | BK512: 0.02213 | BL512: 1e-05 | BM512: 5e-05 | BN512: 6e-05 | BO512: 0 | BP512: 0.00055 | BQ512: 7 | BR512: 4.9374756 | BS512: 2.7553662 | BT512: 2.7817627 | BU512: 4.9198779 | BV512: 5.7909619 | BW512: 6.6884424 | BX512: 8.0522607 | BY512: 8.5537939 | BZ512: 8.6593799 | CA512: 8.5713916 | CB512: 8.4746045 | CC512: 8.4130127 | CD512: 8.395415 | CE512: 8.4306104 | CF512: 0 | CG512: 1656.8762 | CH512: 766.62663 | CI512: 13.53669 | CJ512: 44.18548 | CK512: 6.1261 | CL512: 63.84827 | CM512: 4.53828 | CN512: 93.08464 | CO512: 0 | CP512: 0 | CQ512: 0.79243 | CR512: 3.55263 | CS512: 0.16976 | CT512: 2.71137 | CU512: 57.84461 | CV512: 3.72909 | CW512: 0 | CX512: 1 | CY512: 0.01356 | CZ512: 0.09836 | DA512: 0.00031 | DB512: 0 | DC512: 0 | DD512: 1 | DE512: 0 | DF512: 0.05459 | DG512: 0.03577 | DH512: 0 | DI512: 0.03733 | DJ512: 0 | DK512: 81.75985 | DL512: 13.95572 | DM512: 1.71016 | DN512: 0.25276 | DO512: 0.00614 | DP512: 0.02338 | DQ512: 0.00015 | DR512: 0 | DS512: 3.2114 | DT512: 4.08195 | DU512: 0.00198 | DV512: 166.56482 | DW512: 0.0051865453 | DX512: 0 | DY512: 1.58031 | DZ512: 1 | EA512: 83.58165 | EB512: 65.40856 | EC512: 0.19065 | ED512: 0 | EE512: 1.97063 | EF512: 0.423 | EG512: 641.1119 | EH512: 0.80626 | EI512: 12.04052 | EJ512: 907.97009 | EK512: 14.79262 | EL512: 0.01357 | EM512: 0.00114 | EN512: 0.10188 | EO512: 172.10121 | EP512: 0.00606 | EQ512: 0.2996 | ER512: 0.00978 | ES512: 2.93648 | ET512: 6.72077 | EU512: 100 | EV512: 1361.0607 | EW512: Nan | EX512: 0 | EY512: 7.16184
A513: 512 | B513: 0 | C513: 10.132664 | D513: 28.184274 | E513: 11.392359 | F513: 22.612648 | G513: 22.056418 | H513: 17.610976 | I513: 10.615106 | J513: 7.7074387 | K513: 7.957135 | L513: 9.1411938 | M513: 11.055618 | N513: 13.013916 | O513: 14.645661 | P513: 15.69127 | Q513: 2185.4225 | R513: 0 | S513: 152.10738 | T513: 0.39383 | U513: 8.01317 | V513: 3.21135 | W513: 16.63024 | X513: 0.01272 | Y513: 20.50191 | Z513: 344.99319 | AA513: 6.23023 | AB513: 2.82016 | AC513: 6.07308 | AD513: 0.19759 | AE513: 0.05307 | AF513: 0.2312 | AG513: 0.12055 | AH513: 0.0274 | AI513: 0.00294 | AJ513: 0.00023 | AK513: 2e-05 | AL513: 0 | AM513: 0 | AN513: 0 | AO513: 0 | AP513: 0 | AQ513: 0.25171 | AR513: 0.39247 | AS513: 0.14864 | AT513: 0 | AU513: 0 | AV513: 0.41117 | AW513: 0.07837 | AX513: 0.00677 | AY513: 0.00075 | AZ513: 0.00013 | BA513: 2e-05 | BB513: 0 | BC513: 0 | BD513: 0 | BE513: 0 | BF513: 0 | BG513: 0.01261 | BH513: 1.89802 | BI513: 0 | BJ513: 0.01271 | BK513: 0.02306 | BL513: 1e-05 | BM513: 5e-05 | BN513: 8e-05 | BO513: 0 | BP513: 0.00061 | BQ513: 7 | BR513: 4.9286768 | BS513: 2.7817627 | BT513: 2.6673779 | BU513: 5.3862158 | BV513: 5.8085596 | BW513: 6.6620459 | BX513: 8.0082666 | BY513: 8.5361963 | BZ513: 8.6769775 | CA513: 8.5977881 | CB513: 8.501001 | CC513: 8.4394092 | CD513: 8.4130127 | CE513: 8.448208 | CF513: 0 | CG513: 1583.529 | CH513: 1010.4777 | CI513: 8.17067 | CJ513: 50.04573 | CK513: 12.92813 | CL513: 71.14453 | CM513: 4.65396 | CN513: 99.49875 | CO513: 0 | CP513: 0 | CQ513: 0.90967 | CR513: 3.9061 | CS513: 0.1023 | CT513: 2.68498 | CU513: 147.05226 | CV513: 1.06133 | CW513: 0 | CX513: 1 | CY513: 0.0163 | CZ513: 0.1091 | DA513: 0.00035 | DB513: 0 | DC513: 0 | DD513: 1 | DE513: 0 | DF513: 0.05426 | DG513: 0.03906 | DH513: 0 | DI513: 0.04066 | DJ513: 0 | DK513: 83.8439 | DL513: 14.91735 | DM513: 2.08101 | DN513: 0.242 | DO513: 0.00739 | DP513: 0.02341 | DQ513: 0.00018 | DR513: 33.7106 | DS513: 3.25388 | DT513: 4.13077 | DU513: 0.00207 | DV513: 184.59474 | DW513: 0.0051921746 | DX513: 0 | DY513: 1.62753 | DZ513: 1 | EA513: 76.65635 | EB513: 62.10169 | EC513: 0.1942 | ED513: 0 | EE513: 2.12623 | EF513: 0.41889 | EG513: 643.15994 | EH513: 0.80815 | EI513: 12.06302 | EJ513: 914.67783 | EK513: 14.75338 | EL513: 0.01358 | EM513: 0.00116 | EN513: 0.10566 | EO513: 172.29377 | EP513: 0.00607 | EQ513: 0.29779 | ER513: 0.00987 | ES513: 2.89124 | ET513: 5.49557 | EU513: 100 | EV513: 1598.9714 | EW513: Nan | EX513: 0 | EY513: 6.69977
A514: 513 | B514: 0 | C514: 11.487645 | D514: 58.55774 | E514: 17.038094 | F514: 22.376553 | G514: 22.839411 | H514: 18.455859 | I514: 11.149372 | J514: 7.9127516 | K514: 8.0291368 | L514: 9.0545891 | M514: 10.914991 | N514: 12.859424 | O514: 14.502564 | P514: 15.579816 | Q514: 2186.2763 | R514: 0 | S514: 153.67447 | T514: 0.44797 | U514: 9.723 | V514: 2.91248 | W514: 18.98722 | X514: 0.01929 | Y514: 20.50192 | Z514: 346.52335 | AA514: 6.38836 | AB514: 2.92557 | AC514: 5.99767 | AD514: 0.44618 | AE514: 0.08501 | AF514: 0.24139 | AG514: 0.14077 | AH514: 0.035 | AI514: 0.00409 | AJ514: 0.00034 | AK514: 3e-05 | AL514: 0 | AM514: 0 | AN514: 0 | AO514: 0 | AP514: 0 | AQ514: 0.25171 | AR514: 0.41979 | AS514: 0.17467 | AT514: 0 | AU514: 0 | AV514: 0.44506 | AW514: 0.09276 | AX514: 0.00798 | AY514: 0.0009 | AZ514: 0.00016 | BA514: 3e-05 | BB514: 0 | BC514: 0 | BD514: 0 | BE514: 0 | BF514: 0 | BG514: 0.01261 | BH514: 1.89802 | BI514: 0 | BJ514: 0.01271 | BK514: 0.02391 | BL514: 1e-05 | BM514: 5e-05 | BN514: 0.0001 | BO514: 0 | BP514: 0.00066 | BQ514: 7 | BR514: 4.9286768 | BS514: 2.6673779 | BT514: 2.7729639 | BU514: 5.1310498 | BV514: 5.8085596 | BW514: 6.6356494 | BX514: 7.8938818 | BY514: 8.5185986 | BZ514: 8.6945752 | CA514: 8.6241846 | CB514: 8.5273975 | CC514: 8.4570068 | CD514: 8.4306104 | CE514: 8.4570068 | CF514: 0 | CG514: 1677.9321 | CH514: 1054.3715 | CI514: 58.22086 | CJ514: 10.50413 | CK514: 9.29756 | CL514: 78.02255 | CM514: 4.76781 | CN514: 106.69844 | CO514: 0 | CP514: 0 | CQ514: 0.99751 | CR514: 4.10038 | CS514: 0.16536 | CT514: 2.76417 | CU514: 124.85714 | CV514: 2.14026 | CW514: 0 | CX514: 1 | CY514: 0.01923 | CZ514: 0.12038 | DA514: 0.00039 | DB514: 0 | DC514: 0 | DD514: 1 | DE514: 0 | DF514: 0.05393 | DG514: 0.04213 | DH514: 0 | DI514: 0.04378 | DJ514: 0 | DK514: 85.89498 | DL514: 15.99677 | DM514: 2.37613 | DN514: 0.23745 | DO514: 0.0087 | DP514: 0.02344 | DQ514: 0.00021 | DR514: 0 | DS514: 3.3016 | DT514: 4.18592 | DU514: 0.00214 | DV514: 195.21123 | DW514: 0.0051979453 | DX514: 0 | DY514: 1.67448 | DZ514: 1 | EA514: 69.97799 | EB514: 58.74334 | EC514: 0.1974 | ED514: 0 | EE514: 2.03835 | EF514: 0.42215 | EG514: 645.20129 | EH514: 0.81009 | EI514: 12.08564 | EJ514: 921.39373 | EK514: 14.71118 | EL514: 0.0136 | EM514: 0.00118 | EN514: 0.10912 | EO514: 172.4897 | EP514: 0.00608 | EQ514: 0.29597 | ER514: 0.00996 | ES514: 2.84793 | ET514: 4.49372 | EU514: 100 | EV514: 1837.2947 | EW514: Nan | EX514: 0 | EY514: 6.26089
A515: 514 | B515: 0 | C515: 8.2601264 | D515: 128.01276 | E515: 8.6765017 | F515: 23.135947 | G515: 23.548855 | H515: 19.291076 | I515: 11.708838 | J515: 8.1431882 | K515: 8.1219851 | L515: 8.9789558 | M515: 10.781127 | N515: 12.709645 | O515: 14.362127 | P515: 15.468663 | Q515: 2187.101 | R515: 0 | S515: 156.25041 | T515: 0.50092 | U515: 11.52336 | V515: 3.34262 | W515: 21.32077 | X515: 0.02838 | Y515: 20.50192 | Z515: 348.1115 | AA515: 6.6329 | AB515: 3.0886 | AC515: 5.92564 | AD515: 0.94285 | AE515: 0.03268 | AF515: 0.26051 | AG515: 0.16122 | AH515: 0.04354 | AI515: 0.0055 | AJ515: 0.00049 | AK515: 5e-05 | AL515: 0 | AM515: 0 | AN515: 0 | AO515: 0 | AP515: 0 | AQ515: 0.25171 | AR515: 0.44451 | AS515: 0.20157 | AT515: 0 | AU515: 0 | AV515: 0.47579 | AW515: 0.10837 | AX515: 0.00932 | AY515: 0.00107 | AZ515: 0.00019 | BA515: 4e-05 | BB515: 1e-05 | BC515: 0 | BD515: 0 | BE515: 0 | BF515: 0 | BG515: 0.01261 | BH515: 1.89803 | BI515: 0 | BJ515: 0.01271 | BK515: 0.0247 | BL515: 1e-05 | BM515: 5e-05 | BN515: 0.00012 | BO515: 0 | BP515: 0.00071 | BQ515: 7 | BR515: 4.9374756 | BS515: 3.0281299 | BT515: 2.7201709 | BU515: 4.9550732 | BV515: 5.8173584 | BW515: 6.6092529 | BX515: 7.7706982 | BY515: 8.4922022 | BZ515: 8.703374 | CA515: 8.650581 | CB515: 8.5537939 | CC515: 8.4834033 | CD515: 8.448208 | CE515: 8.4746045 | CF515: 0 | CG515: 1510.3489 | CH515: 774.5232 | CI515: 19.71071 | CJ515: 58.78564 | CK515: 6.64741 | CL515: 85.14376 | CM515: 4.87614 | CN515: 114.59542 | CO515: 0 | CP515: 0 | CQ515: 1.11617 | CR515: 4.40381 | CS515: 0.16242 | CT515: 2.61458 | CU515: 73.91322 | CV515: 4.43957 | CW515: 0 | CX515: 1 | CY515: 0.02237 | CZ515: 0.13219 | DA515: 0.00044 | DB515: 0 | DC515: 0 | DD515: 1 | DE515: 0 | DF515: 0.05359 | DG515: 0.04433 | DH515: 1e-05 | DI515: 0.04571 | DJ515: 1e-05 | DK515: 87.8465 | DL515: 17.18072 | DM515: 2.79812 | DN515: 0.22897 | DO515: 0.01005 | DP515: 0.02347 | DQ515: 0.00024 | DR515: 0 | DS515: 3.35362 | DT515: 4.24645 | DU515: 0.00222 | DV515: 211.04928 | DW515: 0.0052038531 | DX515: 0 | DY515: 1.71913 | DZ515: 1 | EA515: 63.61419 | EB515: 55.406 | EC515: 0.20029 | ED515: 0 | EE515: 1.96644 | EF515: 0.41222 | EG515: 647.25186 | EH515: 0.81208 | EI515: 12.10836 | EJ515: 928.07962 | EK515: 14.66637 | EL515: 0.01362 | EM515: 0.00119 | EN515: 0.11227 | EO515: 172.68866 | EP515: 0.00609 | EQ515: 0.29413 | ER515: 0.01003 | ES515: 2.81061 | ET515: 3.67451 | EU515: 100 | EV515: 2075.8307 | EW515: Nan | EX515: 0 | EY515: 5.84672
... A564: 563 | B564: 0 | C564: 0.09415484 | D564: 52.418011 | E564: 13.34061 | F564: 33.307195 | G564: 52.00892 | H564: 57.710106 | I564: 50.142289 | J564: 40.167437 | K564: 38.934031 | L564: 23.839639 | M564: 14.899586 | N564: 11.012551 | O564: 10.19906 | P564: 10.758054 | Q564: 2215.0396 | R564: 0 | S564: 342.97887 | T564: 0.6688 | U564: 38.09458 | V564: 2.51473 | W564: 52.45214 | X564: 13.97437 | Y564: 20.50321 | Z564: 440.77311 | AA564: 8.52843 | AB564: 4.35229 | AC564: 5.40822 | AD564: 0.22668 | AE564: 0.04868 | AF564: 0.19575 | AG564: 0.34098 | AH564: 0.37467 | AI564: 0.28243 | AJ564: 0.16122 | AK564: 0.1055 | AL564: 0.03031 | AM564: 0.00592 | AN564: 0.00087 | AO564: 0.00012 | AP564: 2e-05 | AQ564: 0.25171 | AR564: 0.6474 | AS564: 0.98036 | AT564: 0 | AU564: 0 | AV564: 0.22691 | AW564: 0.13412 | AX564: 0.06443 | AY564: 0.03239 | AZ564: 0.01694 | BA564: 0.014 | BB564: 0.00527 | BC564: 0.00165 | BD564: 0.00055 | BE564: 0.00022 | BF564: 0.0001 | BG564: 0.01265 | BH564: 1.89806 | BI564: 0 | BJ564: 0.01275 | BK564: 0.02735 | BL564: 4e-05 | BM564: 5e-05 | BN564: 0.00058 | BO564: 0 | BP564: 0.00217 | BQ564: 7 | BR564: 6.4332764 | BS564: 2.0690576 | BT564: 2.1306494 | BU564: 4.6911084 | BV564: 5.1398486 | BW564: 5.738169 | BX564: 6.1693115 | BY564: 6.5388623 | BZ564: 6.9172119 | CA564: 7.4187451 | CB564: 8.2722314 | CC564: 8.8617529 | CD564: 9.0905225 | CE564: 9.0993213 | CF564: 0 | CG564: 4138.1721 | CH564: 3341.3599 | CI564: 5.57001 | CJ564: 36.41647 | CK564: 8.43702 | CL564: 50.4235 | CM564: 5.15243 | CN564: 217.38431 | CO564: 0 | CP564: 0 | CQ564: 1.35922 | CR564: 1.84262 | CS564: 0.21815 | CT564: 2.00747 | CU564: 266.25429 | CV564: 0 | CW564: 0 | CX564: 1 | CY564: 0.06364 | CZ564: 0.33725 | DA564: 0.0011 | DB564: 0 | DC564: 0 | DD564: 1 | DE564: 1e-05 | DF564: 0.03889 | DG564: 0.01843 | DH564: 0.00157 | DI564: 0.01775 | DJ564: 0.00163 | DK564: 92.82409 | DL564: 32.59135 | DM564: 13.72497 | DN564: 0.1464 | DO564: 0.04352 | DP564: 0.01678 | DQ564: 0.00144 | DR564: 25.8176 | DS564: 3.42217 | DT564: 5.42581 | DU564: 0.00245 | DV564: 340.74467 | DW564: 0.0055389735 | DX564: 0 | DY564: 2.29711 | DZ564: 0 | EA564: 11.62416 | EB564: 2.15818 | EC564: 0.20408 | ED564: 0 | EE564: 1.9774 | EF564: 0.08474 | EG564: 742.88503 | EH564: 0.9207 | EI564: 13.26259 | EJ564: 1034.9817 | EK564: 12.52205 | EL564: 0.0137 | EM564: 0.00085 | EN564: 0.12893 | EO564: 182.95879 | EP564: 0.00589 | EQ564: 0.21148 | ER564: 0.01062 | ES564: 4.00878 | ET564: 0.00019 | EU564: 100 | EV564: 8547.3289 | EW564: Nan | EX564: 0 | EY564: 4.26511
A565: 564 | B565: 0 | C565: 0.09415484 | D565: 102.10268 | E565: 21.642601 | F565: 32.18187 | G565: 51.45161 | H565: 57.636041 | I565: 50.587602 | J565: 40.904784 | K565: 40.032294 | L565: 24.63177 | M565: 15.341485 | N565: 11.182884 | O565: 10.214558 | P565: 10.703862 | Q565: 2215.4871 | R565: 0 | S565: 344.86876 | T565: 0.66881 | U565: 38.18698 | V565: 2.20162 | W565: 52.3543 | X565: 14.53014 | Y565: 20.50336 | Z565: 442.73615 | AA565: 8.28323 | AB565: 4.18882 | AC565: 5.41757 | AD565: 0.45617 | AE565: 0.08069 | AF565: 0.1907 | AG565: 0.33725 | AH565: 0.37319 | AI565: 0.285 | AJ565: 0.16592 | AK565: 0.11159 | AL565: 0.03311 | AM565: 0.00664 | AN565: 0.001 | AO565: 0.00013 | AP565: 2e-05 | AQ565: 0.25171 | AR565: 0.64693 | AS565: 0.99373 | AT565: 0 | AU565: 0 | AV565: 0.22224 | AW565: 0.1291 | AX565: 0.06323 | AY565: 0.03255 | AZ565: 0.01737 | BA565: 0.01468 | BB565: 0.00562 | BC565: 0.00176 | BD565: 0.00059 | BE565: 0.00024 | BF565: 0.0001 | BG565: 0.01265 | BH565: 1.89806 | BI565: 0 | BJ565: 0.01276 | BK565: 0.02718 | BL565: 4e-05 | BM565: 5e-05 | BN565: 0.00059 | BO565: 0 | BP565: 0.00219 | BQ565: 7 | BR565: 6.4332764 | BS565: 1.998667 | BT565: 2.3418213 | BU565: 4.5767236 | BV565: 5.1310498 | BW565: 5.738169 | BX565: 6.1605127 | BY565: 6.5300635 | BZ565: 6.9084131 | CA565: 7.3923486 | CB565: 8.2282373 | CC565: 8.8353565 | CD565: 9.0817236 | CE565: 9.1081201 | CF565: 0 | CG565: 4386.1195 | CH565: 3188.0669 | CI565: 37.40466 | CJ565: 6.8771 | CK565: 5.35446 | CL565: 49.63622 | CM565: 5.11778 | CN565: 213.61571 | CO565: 0 | CP565: 0 | CQ565: 1.3592 | CR565: 1.81071 | CS565: 0.24601 | CT565: 2.06906 | CU565: 204.67091 | CV565: 0 | CW565: 0 | CX565: 1 | CY565: 0.06264 | CZ565: 0.33412 | DA565: 0.00108 | DB565: 0 | DC565: 0 | DD565: 1 | DE565: 1e-05 | DF565: 0.03872 | DG565: 0.01842 | DH565: 0.00162 | DI565: 0.01766 | DJ565: 0.00169 | DK565: 92.19989 | DL565: 32.02634 | DM565: 13.87739 | DN565: 0.14665 | DO565: 0.04352 | DP565: 0.01659 | DQ565: 0.00146 | DR565: 0 | DS565: 3.38895 | DT565: 5.39814 | DU565: 0.00244 | DV565: 325.63322 | DW565: 0.0055452696 | DX565: 0 | DY565: 2.2964 | DZ565: 0 | EA565: 11.68843 | EB565: 2.01876 | EC565: 0.20342 | ED565: 0 | EE565: 1.85003 | EF565: 0.08474 | EG565: 744.75952 | EH565: 0.92286 | EI565: 13.28616 | EJ565: 1036.3376 | EK565: 12.49407 | EL565: 0.01369 | EM565: 0.00086 | EN565: 0.12845 | EO565: 183.16251 | EP565: 0.00587 | EQ565: 0.21008 | ER565: 0.0106 | ES565: 4.01568 | ET565: 0.00016 | EU565: 100 | EV565: 8604.3052 | EW565: 0.35975 | EX565: 0 | EY565: 5.7104
A566: 565 | B566: 0 | C566: 0.09415484 | D566: 199.5612 | E566: 7.7251036 | F566: 32.362283 | G566: 50.875796 | H566: 57.517552 | I566: 50.983729 | J566: 41.612791 | K566: 41.130085 | L566: 25.441072 | M566: 15.802785 | N566: 11.36715 | O566: 10.237662 | P566: 10.653296 | Q566: 2215.932 | R566: 0 | S566: 347.9842 | T566: 0.66878 | U566: 38.28482 | V566: 2.45743 | W566: 52.23263 | X566: 15.08524 | Y566: 20.50353 | Z566: 444.69144 | AA566: 8.47017 | AB566: 4.31344 | AC566: 5.42535 | AD566: 0.88632 | AE566: 0.02447 | AF566: 0.19174 | AG566: 0.33345 | AH566: 0.37142 | AI566: 0.28721 | AJ566: 0.1704 | AK566: 0.11774 | AL566: 0.03607 | AM566: 0.00742 | AN566: 0.00114 | AO566: 0.00015 | AP566: 2e-05 | AQ566: 0.25171 | AR566: 0.64639 | AS566: 1.0069 | AT566: 0 | AU566: 0 | AV566: 0.21706 | AW566: 0.12426 | AX566: 0.06198 | AY566: 0.03266 | AZ566: 0.01778 | BA566: 0.01535 | BB566: 0.00597 | BC566: 0.00189 | BD566: 0.00063 | BE566: 0.00025 | BF566: 0.00011 | BG566: 0.01266 | BH566: 1.89807 | BI566: 0 | BJ566: 0.01276 | BK566: 0.02702 | BL566: 5e-05 | BM566: 5e-05 | BN566: 0.00059 | BO566: 0 | BP566: 0.00221 | BQ566: 7 | BR566: 6.4332764 | BS566: 2.0426611 | BT566: 2.3330225 | BU566: 4.4711377 | BV566: 5.1310498 | BW566: 5.738169 | BX566: 6.1605127 | BY566: 6.5212646 | BZ566: 6.8996143 | CA566: 7.3659522 | CB566: 8.193042 | CC566: 8.80896 | CD566: 9.0817236 | CE566: 9.116919 | CF566: 0 | CG566: 4357.2008 | CH566: 2716.1635 | CI566: 10.46129 | CJ566: 35.37612 | CK566: 3.02054 | CL566: 48.85795 | CM566: 5.08305 | CN566: 209.85669 | CO566: 0 | CP566: 0 | CQ566: 1.35902 | CR566: 1.78229 | CS566: 0.24601 | CT566: 2.00747 | CU566: 115.19952 | CV566: 0.02665 | CW566: 0 | CX566: 1 | CY566: 0.06162 | CZ566: 0.33087 | DA566: 0.00106 | DB566: 0 | DC566: 0 | DD566: 1 | DE566: 2e-05 | DF566: 0.03856 | DG566: 0.01821 | DH566: 0.00168 | DI566: 0.01757 | DJ566: 0.00174 | DK566: 91.57408 | DL566: 31.46277 | DM566: 14.08519 | DN566: 0.14702 | DO566: 0.0435 | DP566: 0.01642 | DQ566: 0.00147 | DR566: 0 | DS566: 3.35639 | DT566: 5.3698 | DU566: 0.00242 | DV566: 337.15125 | DW566: 0.0055515231 | DX566: 0 | DY566: 2.29634 | DZ566: 0 | EA566: 11.75808 | EB566: 1.88834 | EC566: 0.20277 | ED566: 0 | EE566: 1.79526 | EF566: 0.08474 | EG566: 746.64761 | EH566: 0.92501 | EI566: 13.30971 | EJ566: 1037.6934 | EK566: 12.46702 | EL566: 0.01368 | EM566: 0.00087 | EN566: 0.12796 | EO566: 183.36559 | EP566: 0.00585 | EQ566: 0.20869 | ER566: 0.01058 | ES566: 4.0242 | ET566: 0.00013 | EU566: 100 | EV566: 8659.2421 | EW566: 0.36968 | EX566: 0 | EY566: 5.58079
A567: 566 | B567: 0 | C567: 0.09415484 | D567: 51.592749 | E567: 13.061013 | F567: 31.923452 | G567: 50.290588 | H567: 57.358423 | I567: 51.331398 | J567: 42.289737 | K567: 42.224793 | L567: 26.266444 | M567: 16.283415 | N567: 11.565698 | O567: 10.268684 | P567: 10.606531 | Q567: 2216.3743 | R567: 0 | S567: 350.40916 | T567: 0.66869 | U567: 38.38736 | V567: 2.44067 | W567: 51.25217 | X567: 15.63867 | Y567: 20.50372 | Z567: 446.63855 | AA567: 8.43685 | AB567: 4.29123 | AC567: 5.43485 | AD567: 0.22685 | AE567: 0.04875 | AF567: 0.18986 | AG567: 0.32954 | AH567: 0.36937 | AI567: 0.28904 | AJ567: 0.17467 | AK567: 0.12393 | AL567: 0.03919 | AM567: 0.00828 | AN567: 0.00129 | AO567: 0.00018 | AP567: 2e-05 | AQ567: 0.25172 | AR567: 0.64578 | AS567: 1.01989 | AT567: 0 | AU567: 0 | AV567: 0.21169 | AW567: 0.11961 | AX567: 0.06071 | AY567: 0.0327 | AZ567: 0.01816 | BA567: 0.01602 | BB567: 0.00634 | BC567: 0.00202 | BD567: 0.00067 | BE567: 0.00027 | BF567: 0.00012 | BG567: 0.01266 | BH567: 1.89807 | BI567: 0 | BJ567: 0.01277 | BK567: 0.02685 | BL567: 5e-05 | BM567: 5e-05 | BN567: 0.0006 | BO567: 0 | BP567: 0.00223 | BQ567: 7 | BR567: 6.4332764 | BS567: 2.0602588 | BT567: 2.1218506 | BU567: 4.6823096 | BV567: 5.1310498 | BW567: 5.738169 | BX567: 6.1605127 | BY567: 6.5124658 | BZ567: 6.8908154 | CA567: 7.3395557 | CB567: 8.1578467 | CC567: 8.7737647 | CD567: 9.0817236 | CE567: 9.1257178 | CF567: 0 | CG567: 4347.6022 | CH567: 3534.0333 | CI567: 5.31733 | CJ567: 34.81978 | CK567: 8.07304 | CL567: 48.21015 | CM567: 5.04827 | CN567: 206.11531 | CO567: 0 | CP567: 0 | CQ567: 1.35872 | CR567: 1.76757 | CS567: 0.21962 | CT567: 1.99867 | CU567: 261.67236 | CV567: 0 | CW567: 0 | CX567: 1 | CY567: 0.06059 | CZ567: 0.32753 | DA567: 0.00104 | DB567: 0 | DC567: 0 | DD567: 1 | DE567: 2e-05 | DF567: 0.03842 | DG567: 0.01768 | DH567: 0.00173 | DI567: 0.01704 | DJ567: 0.0018 | DK567: 90.94764 | DL567: 30.90184 | DM567: 14.27852 | DN567: 0.14736 | DO567: 0.04346 | DP567: 0.01625 | DQ567: 0.00148 | DR567: 24.84606 | DS567: 3.32452 | DT567: 5.34084 | DU567: 0.00241 | DV567: 335.08398 | DW567: 0.0055577337 | DX567: 0 | DY567: 2.29127 | DZ567: 0 | EA567: 11.8322 | EB567: 1.76635 | EC567: 0.20214 | ED567: 0 | EE567: 1.97216 | EF567: 0.08474 | EG567: 748.53232 | EH567: 0.92715 | EI567: 13.33325 | EJ567: 1039.0492 | EK567: 12.44087 | EL567: 0.01366 | EM567: 0.00088 | EN567: 0.12749 | EO567: 183.56803 | EP567: 0.00584 | EQ567: 0.20732 | ER567: 0.01057 | ES567: 4.03283 | ET567: 0.0001 | EU567: 100 | EV567: 8712.1866 | EW567: 0.3439 | EX567: 0 | EY567: 5.45152
A568: 567 | B568: 0 | C568: 0.09415484 | D568: 100.46644 | E568: 21.249692 | F568: 30.867631 | G568: 49.722499 | H568: 57.162055 | I568: 51.631605 | J568: 42.934138 | K568: 43.313809 | L568: 27.106691 | M568: 16.783238 | N568: 11.778859 | O568: 10.30794 | P568: 10.563751 | Q568: 2216.8144 | R568: 0 | S568: 352.17222 | T568: 0.66854 | U568: 38.49386 | V568: 2.13656 | W568: 51.09791 | X568: 16.18947 | Y568: 20.50393 | Z568: 448.57738 | AA568: 8.19734 | AB568: 4.13156 | AC568: 5.44535 | AD568: 0.45598 | AE568: 0.08093 | AF568: 0.18501 | AG568: 0.32564 | AH568: 0.36707 | AI568: 0.29049 | AJ568: 0.17869 | AK568: 0.13014 | AL568: 0.04247 | AM568: 0.00922 | AN568: 0.00147 | AO568: 0.0002 | AP568: 3e-05 | AQ568: 0.25172 | AR568: 0.64511 | AS568: 1.03273 | AT568: 0 | AU568: 0 | AV568: 0.20756 | AW568: 0.11517 | AX568: 0.05941 | AY568: 0.03269 | AZ568: 0.0185 | BA568: 0.01668 | BB568: 0.00672 | BC568: 0.00216 | BD568: 0.00071 | BE568: 0.00028 | BF568: 0.00013 | BG568: 0.01267 | BH568: 1.89807 | BI568: 0 | BJ568: 0.01277 | BK568: 0.02666 | BL568: 5e-05 | BM568: 4e-05 | BN568: 0.0006 | BO568: 0 | BP568: 0.00226 | BQ568: 7 | BR568: 6.4332764 | BS568: 1.998667 | BT568: 2.3330225 | BU568: 4.5679248 | BV568: 5.122251 | BW568: 5.738169 | BX568: 6.1517139 | BY568: 6.503667 | BZ568: 6.8820166 | CA568: 7.3131592 | CB568: 8.1138525 | CC568: 8.7473682 | CD568: 9.0729248 | CE568: 9.1257178 | CF568: 0 | CG568: 4587.8894 | CH568: 3366.0221 | CI568: 35.76373 | CJ568: 6.57419 | CK568: 5.1103 | CL568: 47.44822 | CM568: 5.01352 | CN568: 202.39956 | CO568: 0 | CP568: 0 | CQ568: 1.35837 | CR568: 1.73612 | CS568: 0.24748 | CT568: 2.06026 | CU568: 201.24919 | CV568: 0 | CW568: 0 | CX568: 1 | CY568: 0.05955 | CZ568: 0.32412 | DA568: 0.00102 | DB568: 0 | DC568: 0 | DD568: 1 | DE568: 2e-05 | DF568: 0.03828 | DG568: 0.01769 | DH568: 0.00179 | DI568: 0.01698 | DJ568: 0.00186 | DK568: 90.32159 | DL568: 30.34476 | DM568: 14.4247 | DN568: 0.14758 | DO568: 0.04341 | DP568: 0.01608 | DQ568: 0.0015 | DR568: 0 | DS568: 3.29336 | DT568: 5.31134 | DU568: 0.00239 | DV568: 320.29963 | DW568: 0.0055639016 | DX568: 0 | DY568: 2.28946 | DZ568: 0 | EA568: 11.90969 | EB568: 1.65223 | EC568: 0.20152 | ED568: 0 | EE568: 1.84026 | EF568: 0.08474 | EG568: 750.39926 | EH568: 0.92928 | EI568: 13.35677 | EJ568: 1040.4051 | EK568: 12.4156 | EL568: 0.01364 | EM568: 0.00088 | EN568: 0.12702 | EO568: 183.76984 | EP568: 0.00582 | EQ568: 0.20595 | ER568: 0.01055 | ES568: 4.04119 | ET568: 9e-05 | EU568: 100 | EV568: 8763.1862 | EW568: 0.34409 | EX568: 0 | EY568: 5.32262
A569: 568 | B569: 0 | C569: 0.09415484 | D569: 196.533 | E569: 7.5250012 | F569: 31.077464 | G569: 49.144294 | H569: 56.931994 | I569: 51.885575 | J569: 43.544749 | K569: 44.394543 | L569: 27.960533 | M569: 17.302051 | N569: 12.006941 | O569: 10.355752 | P569: 10.525144 | Q569: 2217.2523 | R569: 0 | S569: 355.12904 | T569: 0.66831 | U569: 38.60356 | V569: 2.38526 | W569: 50.92466 | X569: 16.73672 | Y569: 20.50416 | Z569: 450.5077 | AA569: 8.38405 | AB569: 4.25604 | AC569: 5.45406 | AD569: 0.88651 | AE569: 0.02444 | AF569: 0.18613 | AG569: 0.32169 | AH569: 0.36453 | AI569: 0.29162 | AJ569: 0.18247 | AK569: 0.13634 | AL569: 0.0459 | AM569: 0.01024 | AN569: 0.00166 | AO569: 0.00023 | AP569: 3e-05 | AQ569: 0.25172 | AR569: 0.64439 | AS569: 1.04543 | AT569: 0 | AU569: 0 | AV569: 0.20285 | AW569: 0.11091 | AX569: 0.05809 | AY569: 0.03262 | AZ569: 0.01881 | BA569: 0.01734 | BB569: 0.00711 | BC569: 0.00231 | BD569: 0.00076 | BE569: 0.0003 | BF569: 0.00013 | BG569: 0.01267 | BH569: 1.89807 | BI569: 0 | BJ569: 0.01278 | BK569: 0.02649 | BL569: 5e-05 | BM569: 4e-05 | BN569: 0.00061 | BO569: 0 | BP569: 0.00228 | BQ569: 7 | BR569: 6.4332764 | BS569: 2.0426611 | BT569: 2.3242236 | BU569: 4.4623389 | BV569: 5.1134521 | BW569: 5.738169 | BX569: 6.1517139 | BY569: 6.503667 | BZ569: 6.8732178 | CA569: 7.2955615 | CB569: 8.0786572 | CC569: 8.7121728 | CD569: 9.064126 | CE569: 9.1345166 | CF569: 0 | CG569: 4554.095 | CH569: 2877.5824 | CI569: 10.01513 | CJ569: 33.81064 | CK569: 2.86959 | CL569: 46.69536 | CM569: 4.97886 | CN569: 198.71719 | CO569: 0 | CP569: 0 | CQ569: 1.3577 | CR569: 1.70915 | CS569: 0.24748 | CT569: 1.99867 | CU569: 113.29507 | CV569: 0.02603 | CW569: 0 | CX569: 1 | CY569: 0.05852 | CZ569: 0.32066 | DA569: 0.00101 | DB569: 0 | DC569: 0 | DD569: 1 | DE569: 2e-05 | DF569: 0.03816 | DG569: 0.01749 | DH569: 0.00184 | DI569: 0.01691 | DJ569: 0.00191 | DK569: 89.69701 | DL569: 29.79268 | DM569: 14.62498 | DN569: 0.14788 | DO569: 0.04335 | DP569: 0.01593 | DQ569: 0.00151 | DR569: 0 | DS569: 3.26293 | DT569: 5.28133 | DU569: 0.00238 | DV569: 331.77972 | DW569: 0.0055700268 | DX569: 0 | DY569: 2.28847 | DZ569: 0 | EA569: 11.98998 | EB569: 1.54549 | EC569: 0.2009 | ED569: 0 | EE569: 1.78599 | EF569: 0.08474 | EG569: 752.28113 | EH569: 0.9314 | EI569: 13.38028 | EJ569: 1041.7609 | EK569: 12.3912 | EL569: 0.01363 | EM569: 0.00089 | EN569: 0.12655 | EO569: 183.97103 | EP569: 0.0058 | EQ569: 0.2046 | ER569: 0.01053 | ES569: 4.04944 | ET569: 7e-05 | EU569: 100 | EV569: 8812.2862 | EW569: 0.35461 | EX569: 0 | EY569: 5.19421
A570: 569 | B570: 0 | C570: 0.09415484 | D570: 50.833606 | E570: 12.801637 | F570: 30.686196 | G570: 48.563737 | H570: 56.671689 | I570: 52.094721 | J570: 44.120561 | K570: 45.464451 | L570: 28.82661 | M570: 17.839581 | N570: 12.25023 | O570: 10.412444 | P570: 10.490906 | Q570: 2217.6883 | R570: 0 | S570: 357.42113 | T570: 0.668 | U570: 38.71574 | V570: 2.36986 | W570: 49.92163 | X570: 17.27954 | Y570: 20.50442 | Z570: 452.42919 | AA570: 8.35401 | AB570: 4.236 | AC570: 5.46433 | AD570: 0.22696 | AE570: 0.04881 | AF570: 0.18438 | AG570: 0.31769 | AH570: 0.36177 | AI570: 0.29239 | AJ570: 0.18601 | AK570: 0.14252 | AL570: 0.04947 | AM570: 0.01134 | AN570: 0.00188 | AO570: 0.00026 | AP570: 4e-05 | AQ570: 0.25172 | AR570: 0.64362 | AS570: 1.05801 | AT570: 0 | AU570: 0 | AV570: 0.19791 | AW570: 0.10686 | AX570: 0.05678 | AY570: 0.03251 | AZ570: 0.01909 | BA570: 0.01799 | BB570: 0.00751 | BC570: 0.00246 | BD570: 0.00081 | BE570: 0.00031 | BF570: 0.00014 | BG570: 0.01268 | BH570: 1.89808 | BI570: 0 | BJ570: 0.01278 | BK570: 0.0263 | BL570: 5e-05 | BM570: 4e-05 | BN570: 0.00062 | BO570: 0 | BP570: 0.0023 | BQ570: 7 | BR570: 6.4332764 | BS570: 2.0602588 | BT570: 2.1218506 | BU570: 4.6735107 | BV570: 5.1134521 | BW570: 5.738169 | BX570: 6.1517139 | BY570: 6.4948682 | BZ570: 6.864419 | CA570: 7.2779639 | CB570: 8.0434619 | CC570: 8.6769775 | CD570: 9.064126 | CE570: 9.1345166 | CF570: 0 | CG570: 4540.2573 | CH570: 3714.5665 | CI570: 5.07326 | CJ570: 33.27193 | CK570: 7.72251 | CL570: 46.0677 | CM570: 4.94433 | CN570: 195.07564 | CO570: 0 | CP570: 0 | CQ570: 1.35683 | CR570: 1.69634 | CS570: 0.22108 | CT570: 1.99867 | CU570: 257.44966 | CV570: 0 | CW570: 0 | CX570: 1 | CY570: 0.05749 | CZ570: 0.31715 | DA570: 0.00099 | DB570: 0 | DC570: 0 | DD570: 1 | DE570: 3e-05 | DF570: 0.03806 | DG570: 0.01696 | DH570: 0.00189 | DI570: 0.01637 | DJ570: 0.00196 | DK570: 89.075 | DL570: 29.24672 | DM570: 14.81208 | DN570: 0.14816 | DO570: 0.04328 | DP570: 0.01578 | DQ570: 0.00152 | DR570: 23.96125 | DS570: 3.23325 | DT570: 5.25089 | DU570: 0.00236 | DV570: 329.8778 | DW570: 0.0055761093 | DX570: 0 | DY570: 2.28264 | DZ570: 0 | EA570: 12.07233 | EB570: 1.44564 | EC570: 0.20031 | ED570: 0 | EE570: 1.96991 | EF570: 0.08474 | EG570: 754.1597 | EH570: 0.93351 | EI570: 13.40377 | EJ570: 1043.1167 | EK570: 12.36765 | EL570: 0.01361 | EM570: 0.0009 | EN570: 0.12609 | EO570: 184.17162 | EP570: 0.00579 | EQ570: 0.20326 | ER570: 0.01051 | ES570: 4.05831 | ET570: 6e-05 | EU570: 100 | EV570: 8859.5297 | EW570: 0.32783 | EX570: 0 | EY570: 5.06637
A571: 570 | B571: 0 | C571: 0.09415484 | D571: 98.967334 | E571: 20.883432 | F571: 29.691661 | G571: 48.00564 | H571: 56.384148 | I571: 52.260623 | J571: 44.660794 | K571: 46.521048 | L571: 29.703489 | M571: 18.395487 | N571: 12.508985 | O571: 10.478345 | P571: 10.46124 | Q571: 2218.1226 | R571: 0 | S571: 359.07146 | T571: 0.6676 | U571: 38.82972 | V571: 2.07417 | W571: 49.72397 | X571: 17.81711 | Y571: 20.50471 | Z571: 454.34189 | AA571: 8.11989 | AB571: 4.07993 | AC571: 5.4755 | AD571: 0.45564 | AE571: 0.08113 | AF571: 0.1797 | AG571: 0.31371 | AH571: 0.35881 | AI571: 0.29281 | AJ571: 0.18929 | AK571: 0.14865 | AL571: 0.05316 | AM571: 0.01253 | AN571: 0.00212 | AO571: 0.0003 | AP571: 4e-05 | AQ571: 0.25172 | AR571: 0.6428 | AS571: 1.07046 | AT571: 0 | AU571: 0 | AV571: 0.19425 | AW571: 0.10301 | AX571: 0.05546 | AY571: 0.03235 | AZ571: 0.01934 | BA571: 0.01863 | BB571: 0.00791 | BC571: 0.00262 | BD571: 0.00086 | BE571: 0.00033 | BF571: 0.00015 | BG571: 0.01268 | BH571: 1.89808 | BI571: 0 | BJ571: 0.01279 | BK571: 0.0261 | BL571: 5e-05 | BM571: 4e-05 | BN571: 0.00062 | BO571: 0 | BP571: 0.00232 | BQ571: 7 | BR571: 6.4332764 | BS571: 1.9898682 | BT571: 2.3330225 | BU571: 4.559126 | BV571: 5.1046533 | BW571: 5.738169 | BX571: 6.1517139 | BY571: 6.4948682 | BZ571: 6.8556201 | CA571: 7.2603662 | CB571: 8.0170654 | CC571: 8.6417822 | CD571: 9.0553272 | CE571: 9.1433154 | CF571: 0 | CG571: 4757.1539 | CH571: 3531.3532 | CI571: 34.17333 | CJ571: 6.28072 | CK571: 4.87725 | CL571: 45.3313 | CM571: 4.91001 | CN571: 191.48195 | CO571: 0 | CP571: 0 | CQ571: 1.35604 | CR571: 1.66541 | CS571: 0.24894 | CT571: 2.06026 | CU571: 198.09407 | CV571: 0 | CW571: 0 | CX571: 1 | CY571: 0.05647 | CZ571: 0.31363 | DA571: 0.00097 | DB571: 0 | DC571: 0 | DD571: 1 | DE571: 3e-05 | DF571: 0.03797 | DG571: 0.017 | DH571: 0.00194 | DI571: 0.01634 | DJ571: 0.00201 | DK571: 88.45669 | DL571: 28.70794 | DM571: 14.95391 | DN571: 0.14834 | DO571: 0.0432 | DP571: 0.01563 | DQ571: 0.00153 | DR571: 0 | DS571: 3.20432 | DT571: 5.22006 | DU571: 0.00234 | DV571: 315.39258 | DW571: 0.0055821495 | DX571: 0 | DY571: 2.2801 | DZ571: 0 | EA571: 12.15581 | EB571: 1.35224 | EC571: 0.19973 | ED571: 0 | EE571: 1.83391 | EF571: 0.08474 | EG571: 756.02042 | EH571: 0.93561 | EI571: 13.42725 | EJ571: 1044.4726 | EK571: 12.34491 | EL571: 0.01359 | EM571: 0.00091 | EN571: 0.12565 | EO571: 184.37161 | EP571: 0.00577 | EQ571: 0.20194 | ER571: 0.01049 | ES571: 4.0649 | ET571: 5e-05 | EU571: 100 | EV571: 8904.9558 | EW571: 0.32876 | EX571: 0 | EY571: 4.93914
A572: 571 | B572: 0 | C572: 0.09415484 | D572: 193.75335 | E572: 7.3381302 | F572: 29.925975 | G572: 47.442729 | H572: 56.072475 | I572: 52.384999 | J572: 45.164893 | K572: 47.561931 | L572: 30.589677 | M572: 18.969359 | N572: 12.783432 | O572: 10.553784 | P572: 10.436355 | Q572: 2218.5554 | R572: 0 | S572: 361.88561 | T572: 0.66709 | U572: 38.94481 | V572: 2.31568 | W572: 49.51107 | X572: 18.34864 | Y572: 20.50503 | Z572: 456.24564 | AA572: 8.30662 | AB572: 4.20441 | AC572: 5.48476 | AD572: 0.88636 | AE572: 0.0244 | AF572: 0.18089 | AG572: 0.30975 | AH572: 0.35569 | AI572: 0.2929 | AJ572: 0.19231 | AK572: 0.15472 | AL572: 0.05697 | AM572: 0.01381 | AN572: 0.00239 | AO572: 0.00034 | AP572: 5e-05 | AQ572: 0.25172 | AR572: 0.64194 | AS572: 1.08281 | AT572: 0 | AU572: 0 | AV572: 0.18994 | AW572: 0.09931 | AX572: 0.05416 | AY572: 0.03214 | AZ572: 0.01955 | BA572: 0.01925 | BB572: 0.00833 | BC572: 0.00279 | BD572: 0.00091 | BE572: 0.00035 | BF572: 0.00015 | BG572: 0.01269 | BH572: 1.89808 | BI572: 0 | BJ572: 0.01279 | BK572: 0.02593 | BL572: 5e-05 | BM572: 4e-05 | BN572: 0.00063 | BO572: 0 | BP572: 0.00234 | BQ572: 7 | BR572: 6.4332764 | BS572: 2.0426611 | BT572: 2.3242236 | BU572: 4.45354 | BV572: 5.1046533 | BW572: 5.7293701 | BX572: 6.1517139 | BY572: 6.4860693 | BZ572: 6.8468213 | CA572: 7.2515674 | CB572: 7.9730713 | CC572: 8.6153857 | CD572: 9.0465283 | CE572: 9.1433154 | CF572: 0 | CG572: 4747.2575 | CH572: 3029.6735 | CI572: 9.58239 | CJ572: 32.29487 | CK572: 2.72674 | CL572: 44.60399 | CM572: 4.87595 | CN572: 187.94262 | CO572: 0 | CP572: 0 | CQ572: 1.35467 | CR572: 1.63981 | CS572: 0.24894 | CT572: 1.99867 | CU572: 111.53876 | CV572: 0.02537 | CW572: 0 | CX572: 1 | CY572: 0.05546 | CZ572: 0.3101 | DA572: 0.00095 | DB572: 0 | DC572: 0 | DD572: 1 | DE572: 3e-05 | DF572: 0.0379 | DG572: 0.01681 | DH572: 0.00199 | DI572: 0.01629 | DJ572: 0.00206 | DK572: 87.84316 | DL572: 28.1773 | DM572: 15.14861 | DN572: 0.14858 | DO572: 0.04311 | DP572: 0.01549 | DQ572: 0.00154 | DR572: 0 | DS572: 3.17617 | DT572: 5.18892 | DU572: 0.00233 | DV572: 326.83555 | DW572: 0.0055881476 | DX572: 0 | DY572: 2.27848 | DZ572: 0 | EA572: 12.24007 | EB572: 1.26488 | EC572: 0.19914 | ED572: 0 | EE572: 1.78022 | EF572: 0.08474 | EG572: 757.89589 | EH572: 0.9377 | EI572: 13.4507 | EJ572: 1045.8284 | EK572: 12.32298 | EL572: 0.01357 | EM572: 0.00091 | EN572: 0.1252 | EO572: 184.57103 | EP572: 0.00575 | EQ572: 0.20063 | ER572: 0.01048 | ES572: 4.07247 | ET572: 4e-05 | EU572: 100 | EV572: 8948.5979 | EW572: 0.33989 | EX572: 0 | EY572: 4.81268
A573: 572 | B573: 0 | C573: 0.09415484 | D573: 50.134559 | E573: 12.56023 | F573: 29.575624 | G573: 46.881751 | H573: 55.739632 | I573: 52.46967 | J573: 45.632515 | K573: 48.584789 | L573: 31.483627 | M573: 19.560716 | N573: 13.073766 | O573: 10.639089 | P573: 10.416466 | Q573: 2218.987 | R573: 0 | S573: 364.05764 | T573: 0.66647 | U573: 39.06032 | V573: 2.30135 | W573: 48.49575 | X573: 18.8734 | Y573: 20.50538 | Z573: 458.1402 | AA573: 8.27978 | AB573: 4.18652 | AC573: 5.49551 | AD573: 0.22696 | AE573: 0.04884 | AF573: 0.17924 | AG573: 0.30571 | AH573: 0.35241 | AI573: 0.29268 | AJ573: 0.19506 | AK573: 0.1607 | AL573: 0.0609 | AM573: 0.01517 | AN573: 0.00268 | AO573: 0.00039 | AP573: 5e-05 | AQ573: 0.25172 | AR573: 0.64105 | AS573: 1.09505 | AT573: 0 | AU573: 0 | AV573: 0.18534 | AW573: 0.0958 | AX573: 0.05287 | AY573: 0.0319 | AZ573: 0.01973 | BA573: 0.01985 | BB573: 0.00874 | BC573: 0.00297 | BD573: 0.00097 | BE573: 0.00037 | BF573: 0.00016 | BG573: 0.0127 | BH573: 1.89809 | BI573: 0 | BJ573: 0.0128 | BK573: 0.02573 | BL573: 5e-05 | BM573: 4e-05 | BN573: 0.00064 | BO573: 0 | BP573: 0.00237 | BQ573: 7 | BR573: 6.4332764 | BS573: 2.0602588 | BT573: 2.1130518 | BU573: 4.6647119 | BV573: 5.1046533 | BW573: 5.7293701 | BX573: 6.1517139 | BY573: 6.4860693 | BZ573: 6.8380225 | CA573: 7.2339697 | CB573: 7.9202783 | CC573: 8.5801904 | CD573: 9.0289307 | CE573: 9.1433154 | CF573: 0 | CG573: 4729.3565 | CH573: 3906.7847 | CI573: 4.83786 | CJ573: 31.77412 | CK573: 7.38476 | CL573: 43.99674 | CM573: 4.84223 | CN573: 184.46363 | CO573: 0 | CP573: 0 | CQ573: 1.35311 | CR573: 1.62869 | CS573: 0.22255 | CT573: 1.99867 | CU573: 253.55362 | CV573: 0 | CW573: 0 | CX573: 1 | CY573: 0.05446 | CZ573: 0.30656 | DA573: 0.00094 | DB573: 0 | DC573: 0 | DD573: 1 | DE573: 4e-05 | DF573: 0.03785 | DG573: 0.01629 | DH573: 0.00204 | DI573: 0.01574 | DJ573: 0.00211 | DK573: 87.23553 | DL573: 27.65572 | DM573: 15.33074 | DN573: 0.14881 | DO573: 0.04301 | DP573: 0.01536 | DQ573: 0.00155 | DR573: 23.14933 | DS573: 3.1488 | DT573: 5.15751 | DU573: 0.00231 | DV573: 325.08345 | DW573: 0.005594104 | DX573: 0 | DY573: 2.2721 | DZ573: 0 | EA573: 12.32455 | EB573: 1.18316 | EC573: 0.19859 | ED573: 0 | EE573: 1.96488 | EF573: 0.08474 | EG573: 759.76792 | EH573: 0.93979 | EI573: 13.47415 | EJ573: 1047.1842 | EK573: 12.30183 | EL573: 0.01356 | EM573: 0.00092 | EN573: 0.12477 | EO573: 184.76988 | EP573: 0.00574 | EQ573: 0.19933 | ER573: 0.01046 | ES573: 4.08125 | ET573: 3e-05 | EU573: 100 | EV573: 8990.4832 | EW573: 0.31212 | EX573: 0 | EY573: 4.68709
A574: 573 | B574: 0 | C574: 0.09415484 | D574: 97.592068 | E574: 20.541372 | F574: 28.634765 | G574: 46.346238 | H574: 55.388133 | I574: 52.516542 | J574: 46.063516 | K574: 49.587422 | L574: 32.383748 | M574: 20.169012 | N574: 13.380145 | O574: 10.734588 | P574: 10.401796 | Q574: 2219.4177 | R574: 0 | S574: 365.6059 | T574: 0.66575 | U574: 39.17572 | V574: 2.01373 | W574: 48.26508 | X574: 19.39069 | Y574: 20.50577 | Z574: 460.02562 | AA574: 8.05072 | AB574: 4.03381 | AC574: 5.50715 | AD574: 0.45513 | AE574: 0.08128 | AF574: 0.17469 | AG574: 0.30176 | AH574: 0.34896 | AI574: 0.29216 | AJ574: 0.19753 | AK574: 0.16659 | AL574: 0.06492 | AM574: 0.01663 | AN574: 0.00301 | AO574: 0.00044 | AP574: 6e-05 | AQ574: 0.25173 | AR574: 0.64013 | AS574: 1.10719 | AT574: 0 | AU574: 0 | AV574: 0.18206 | AW574: 0.09247 | AX574: 0.05159 | AY574: 0.03163 | AZ574: 0.01988 | BA574: 0.02044 | BB574: 0.00917 | BC574: 0.00315 | BD574: 0.00103 | BE574: 0.00039 | BF574: 0.00017 | BG574: 0.0127 | BH574: 1.89809 | BI574: 0 | BJ574: 0.01281 | BK574: 0.02553 | BL574: 5e-05 | BM574: 4e-05 | BN574: 0.00064 | BO574: 0 | BP574: 0.00239 | BQ574: 7 | BR574: 6.4332764 | BS574: 1.9898682 | BT574: 2.3242236 | BU574: 4.559126 | BV574: 5.0958545 | BW574: 5.7293701 | BX574: 6.1517139 | BY574: 6.4860693 | BZ574: 6.8380225 | CA574: 7.2251709 | CB574: 7.8674853 | CC574: 8.5449951 | CD574: 9.0201318 | CE574: 9.1433154 | CF574: 0 | CG574: 4949.8592 | CH574: 3708.6593 | CI574: 32.63463 | CJ574: 5.99688 | CK574: 4.65444 | CL574: 43.28595 | CM574: 4.80889 | CN574: 181.0504 | CO574: 0 | CP574: 0 | CQ574: 1.35176 | CR574: 1.59813 | CS574: 0.24894 | CT574: 2.06026 | CU574: 195.18147 | CV574: 0 | CW574: 0 | CX574: 1 | CY574: 0.05348 | CZ574: 0.30303 | DA574: 0.00092 | DB574: 0 | DC574: 0 | DD574: 1 | DE574: 4e-05 | DF574: 0.03781 | DG574: 0.01634 | DH574: 0.00208 | DI574: 0.01573 | DJ574: 0.00216 | DK574: 86.63489 | DL574: 27.14399 | DM574: 15.46888 | DN574: 0.14895 | DO574: 0.0429 | DP574: 0.01523 | DQ574: 0.00156 | DR574: 0 | DS574: 3.12222 | DT574: 5.12589 | DU574: 0.00229 | DV574: 310.87253 | DW574: 0.0056000191 | DX574: 0 | DY574: 2.269 | DZ574: 0 | EA574: 12.40855 | EB574: 1.10672 | EC574: 0.19804 | ED574: 0 | EE574: 1.82451 | EF574: 0.08474 | EG574: 761.62246 | EH574: 0.94186 | EI574: 13.49758 | EJ574: 1048.5401 | EK574: 12.28144 | EL574: 0.01354 | EM574: 0.00093 | EN574: 0.12434 | EO574: 184.96817 | EP574: 0.00572 | EQ574: 0.19805 | ER574: 0.01044 | ES574: 4.08786 | ET574: 3e-05 | EU574: 100 | EV574: 9030.631 | EW574: 0.31387 | EX574: 0 | EY574: 4.56244
A575: 574 | B575: 0 | C575: 0.09415484 | D575: 191.19978 | E575: 7.1632947 | F575: 28.889454 | G575: 45.809097 | H575: 55.020564 | I575: 52.527577 | J575: 46.457949 | K575: 50.567748 | L575: 33.288416 | M575: 20.79363 | N575: 13.702688 | O575: 10.840605 | P575: 10.392574 | Q575: 2219.8476 | R575: 0 | S575: 368.2903 | T575: 0.66491 | U575: 39.2904 | V575: 2.24826 | W575: 48.0224 | X575: 19.89987 | Y575: 20.5062 | Z575: 461.90179 | AA575: 8.23764 | AB575: 4.15843 | AC575: 5.51684 | AD575: 0.88581 | AE575: 0.02435 | AF575: 0.17592 | AG575: 0.2978 | AH575: 0.34536 | AI575: 0.29134 | AJ575: 0.19971 | AK575: 0.17234 | AL575: 0.06903 | AM575: 0.01818 | AN575: 0.00337 | AO575: 0.0005 | AP575: 7e-05 | AQ575: 0.25173 | AR575: 0.63917 | AS575: 1.11921 | AT575: 0 | AU575: 0 | AV575: 0.17806 | AW575: 0.08926 | AX575: 0.05033 | AY575: 0.03132 | AZ575: 0.02 | BA575: 0.02101 | BB575: 0.00959 | BC575: 0.00334 | BD575: 0.00109 | BE575: 0.00041 | BF575: 0.00018 | BG575: 0.01271 | BH575: 1.8981 | BI575: 0 | BJ575: 0.01282 | BK575: 0.02535 | BL575: 5e-05 | BM575: 4e-05 | BN575: 0.00065 | BO575: 0 | BP575: 0.00241 | BQ575: 7 | BR575: 6.4332764 | BS575: 2.0338623 | BT575: 2.3154248 | BU575: 4.45354 | BV575: 5.0958545 | BW575: 5.7293701 | BX575: 6.1517139 | BY575: 6.4860693 | BZ575: 6.8292236 | CA575: 7.2075732 | CB575: 7.83229 | CC575: 8.5097998 | CD575: 9.011333 | CE575: 9.1433154 | CF575: 0 | CG575: 4952.436 | CH575: 3193.452 | CI575: 9.16325 | CJ575: 30.82962 | CK575: 2.59134 | CL575: 42.58421 | CM575: 4.77599 | CN575: 177.70777 | CO575: 0 | CP575: 0 | CQ575: 1.34962 | CR575: 1.57365 | CS575: 0.25041 | CT575: 1.99867 | CU575: 109.91759 | CV575: 0.02468 | CW575: 0 | CX575: 1 | CY575: 0.05251 | CZ575: 0.29952 | DA575: 0.0009 | DB575: 0 | DC575: 0 | DD575: 1 | DE575: 4e-05 | DF575: 0.03779 | DG575: 0.01617 | DH575: 0.00213 | DI575: 0.0157 | DJ575: 0.00221 | DK575: 86.04231 | DL575: 26.64284 | DM575: 15.6585 | DN575: 0.14913 | DO575: 0.04279 | DP575: 0.01511 | DQ575: 0.00157 | DR575: 0 | DS575: 3.09644 | DT575: 5.09413 | DU575: 0.00227 | DV575: 322.28049 | DW575: 0.0056058934 | DX575: 0 | DY575: 2.26688 | DZ575: 0 | EA575: 12.49186 | EB575: 1.03521 | EC575: 0.1975 | ED575: 0 | EE575: 1.7715 | EF575: 0.08474 | EG575: 763.49246 | EH575: 0.94392 | EI575: 13.52099 | EJ575: 1049.8959 | EK575: 12.26179 | EL575: 0.01352 | EM575: 0.00093 | EN575: 0.12392 | EO575: 185.16592 | EP575: 0.0057 | EQ575: 0.19678 | ER575: 0.01042 | ES575: 4.09396 | ET575: 2e-05 | EU575: 100 | EV575: 9069.0514 | EW575: 0.32561 | EX575: 0 | EY575: 4.43891
A576: 575 | B576: 0 | C576: 0.09415484 | D576: 49.490742 | E576: 12.335328 | F576: 28.574782 | G576: 45.276404 | H576: 54.639381 | I576: 52.504774 | J576: 46.816041 | K576: 51.523816 | L576: 34.195982 | M576: 21.433891 | N576: 14.041473 | O576: 10.957459 | P576: 10.389035 | Q576: 2220.277 | R576: 0 | S576: 370.35304 | T576: 0.66396 | U576: 39.40386 | V576: 2.23492 | W576: 47.00344 | X576: 20.40036 | Y576: 20.50667 | Z576: 463.76846 | AA576: 8.21386 | AB576: 4.14257 | AC576: 5.52798 | AD576: 0.22684 | AE576: 0.04884 | AF576: 0.17437 | AG576: 0.29381 | AH576: 0.34164 | AI576: 0.29025 | AJ576: 0.2016 | AK576: 0.17796 | AL576: 0.07322 | AM576: 0.01982 | AN576: 0.00376 | AO576: 0.00057 | AP576: 8e-05 | AQ576: 0.25173 | AR576: 0.63819 | AS576: 1.13113 | AT576: 0 | AU576: 0 | AV576: 0.17373 | AW576: 0.08622 | AX576: 0.0491 | AY576: 0.03099 | AZ576: 0.02008 | BA576: 0.02155 | BB576: 0.01002 | BC576: 0.00353 | BD576: 0.00116 | BE576: 0.00043 | BF576: 0.00019 | BG576: 0.01272 | BH576: 1.8981 | BI576: 0 | BJ576: 0.01282 | BK576: 0.02516 | BL576: 5e-05 | BM576: 4e-05 | BN576: 0.00066 | BO576: 0 | BP576: 0.00243 | BQ576: 7 | BR576: 6.4332764 | BS576: 2.05146 | BT576: 2.1130518 | BU576: 4.6559131 | BV576: 5.0958545 | BW576: 5.7293701 | BX576: 6.1517139 | BY576: 6.4860693 | BZ576: 6.8292236 | CA576: 7.1987744 | CB576: 7.7882959 | CC576: 8.4746045 | CD576: 8.9937353 | CE576: 9.1521143 | CF576: 0 | CG576: 4930.8071 | CH576: 4085.3084 | CI576: 4.61113 | CJ576: 30.32696 | CK576: 7.05942 | CL576: 41.9975 | CM576: 4.74361 | CN576: 174.44003 | CO576: 0 | CP576: 0 | CQ576: 1.34732 | CR576: 1.56396 | CS576: 0.22401 | CT576: 1.99867 | CU576: 249.95667 | CV576: 0 | CW576: 0 | CX576: 1 | CY576: 0.05155 | CZ576: 0.29602 | DA576: 0.00089 | DB576: 0 | DC576: 0 | DD576: 1 | DE576: 5e-05 | DF576: 0.03779 | DG576: 0.01564 | DH576: 0.00217 | DI576: 0.01513 | DJ576: 0.00225 | DK576: 85.45884 | DL576: 26.15293 | DM576: 15.83578 | DN576: 0.1493 | DO576: 0.04267 | DP576: 0.015 | DQ576: 0.00158 | DR576: 22.4027 | DS576: 3.07146 | DT576: 5.06229 | DU576: 0.00226 | DV576: 320.66559 | DW576: 0.0056117275 | DX576: 0 | DY576: 2.26007 | DZ576: 0 | EA576: 12.57412 | EB576: 0.96833 | EC576: 0.19698 | ED576: 0 | EE576: 1.96282 | EF576: 0.08474 | EG576: 765.3589 | EH576: 0.94597 | EI576: 13.54438 | EJ576: 1051.2517 | EK576: 12.24286 | EL576: 0.0135 | EM576: 0.00094 | EN576: 0.12351 | EO576: 185.36315 | EP576: 0.00569 | EQ576: 0.19552 | ER576: 0.0104 | ES576: 4.10057 | ET576: 2e-05 | EU576: 100 | EV576: 9105.7437 | EW576: 0.29688 | EX576: 0 | EY576: 4.31663
... A1002: 1001 | B1002: 0 | C1002: 0.09415484 | D1002: 1.9967466 | E1002: 1.2277337 | F1002: 12.703034 | G1002: 19.589548 | H1002: 25.476728 | I1002: 25.221692 | J1002: 25.127475 | K1002: 25.278163 | L1002: 25.488436 | M1002: 25.80334 | N1002: 26.181831 | O1002: 26.583321 | P1002: 26.974708 | Q1002: 3258.6874 | R1002: 0 | S1002: 264.42828 | T1002: 7e-05 | U1002: 0.07381 | V1002: 0.00033 | W1002: 0.01026 | X1002: 0.0326 | Y1002: 38.25403 | Z1002: 669.74687 | AA1002: 3.27561 | AB1002: 0.85041 | AC1002: 7.9043 | AD1002: 0 | AE1002: 0 | AF1002: 0 | AG1002: 1e-05 | AH1002: 1e-05 | AI1002: 1e-05 | AJ1002: 0 | AK1002: 0 | AL1002: 0 | AM1002: 0 | AN1002: 0 | AO1002: 0 | AP1002: 0 | AQ1002: 0.43078 | AR1002: 0.1463 | AS1002: 0.03501 | AT1002: 0 | AU1002: 0 | AV1002: 5e-05 | AW1002: 0.00011 | AX1002: 0.00017 | AY1002: 0.00017 | AZ1002: 0.00016 | BA1002: 0.00017 | BB1002: 0.00017 | BC1002: 0.00016 | BD1002: 0.00015 | BE1002: 0.00014 | BF1002: 0.00013 | BG1002: 0.04333 | BH1002: 3.48577 | BI1002: 0 | BJ1002: 0.04374 | BK1002: 0 | BL1002: 0 | BM1002: 4e-05 | BN1002: 0 | BO1002: 0 | BP1002: 0 | BQ1002: 7 | BR1002: 6.4332764 | BS1002: 2.2802295 | BT1002: 2.2714307 | BU1002: 4.8582861 | BV1002: 5.834956 | BW1002: 6.6796435 | BX1002: 7.269165 | BY1002: 7.8410889 | BZ1002: 8.0522607 | CA1002: 8.1226514 | CB1002: 8.1666455 | CC1002: 8.193042 | CD1002: 8.2106396 | CE1002: 8.2282373 | CF1002: 0 | CG1002: 4590.2166 | CH1002: 4591.4431 | CI1002: 0.00014 | CJ1002: 0.00101 | CK1002: 0.00165 | CL1002: 0.0028 | CM1002: 3.9208 | CN1002: 70.37918 | CO1002: 0 | CP1002: 0 | CQ1002: 0.00014 | CR1002: 0.00154 | CS1002: 0.19029 | CT1002: 1.81389 | CU1002: 11.57597 | CV1002: 0 | CW1002: 0 | CX1002: 1 | CY1002: 1e-05 | CZ1002: 0.08126 | DA1002: 1e-05 | DB1002: 0 | DC1002: 0 | DD1002: 1 | DE1002: 0 | DF1002: 0.085 | DG1002: 2e-05 | DH1002: 4e-05 | DI1002: 1e-05 | DJ1002: 4e-05 | DK1002: 70.63553 | DL1002: 10.5516 | DM1002: 0.49015 | DN1002: 0.32059 | DO1002: 0.00014 | DP1002: 0.02316 | DQ1002: 0 | DR1002: 7.24381 | DS1002: 3.06857 | DT1002: 3.91998 | DU1002: 0 | DV1002: 15.57114 | DW1002: 0.0077350808 | DX1002: 0 | DY1002: 0.84757 | DZ1002: 2 | EA1002: 127.3655 | EB1002: 56.70137 | EC1002: 0.13709 | ED1002: 0 | EE1002: 0.49143 | EF1002: 0.08474 | EG1002: 1352.3251 | EH1002: 1.55266 | EI1002: 22.9477 | EJ1002: 1628.8352 | EK1002: 14.95926 | EL1002: 0.01262 | EM1002: 0.00108 | EN1002: 0.04734 | EO1002: 256.6673 | EP1002: 0.0057 | EQ1002: 0.27687 | ER1002: 0.00777 | ES1002: 2.94813 | ET1002: 8.92633 | EU1002: 100 | EV1002: 37.13587 | EW1002: 0.24754 | EX1002: 0 | EY1002: 1.04405

Sheet Eelderink data
I1: Delta plasma Glucose | AC1: Delta plasma Insulin
J2: Bread | L2: Pasta | P2: bread | R2: Pasta | AD2: Bread | AF2: Pasta | AJ2: bread | AL2: Pasta
I3: tijd (mm) | J3: Delta Insulin (mm) | K3: s.d. | L3: Delta insulin(cm) | M3: s.d. | O3: tijd (min) | P3: D plasma Insulin (mU/mL) | Q3: s.d. | R3: D plasma Insulin (mU/mL) | S3: s.d. | AC3: tijd (mm) | AD3: Delta Insulin (mm) | AE3: s.d. | AF3: Delta insulin(cm) | AG3: s.d. | AI3: tijd (min) | AJ3: D plasma Insulin (mU/mL) | AK3: s.d. | AL3: D plasma Insulin (mU/mL) | AM3: s.d.
I4: 0 | J4: 0 | K4: 0 | L4: 0 | M4: 0 | O4: =360*I4/211 -> 0 | P4: =3*J4/104.5 -> 0 | Q4: =3*K4/104.5 -> 0 | R4: =3*L4/104.5 -> 0 | S4: =3*M4/104.5 -> 0 | AC4: 0 | AD4: 0 | AF4: 0 | AI4: =360*AC4/211 -> 0 | AJ4: =70*AD4/114 -> 0 | AK4: =70*AE4/114 -> 0 | AL4: =70*AF4/114 -> 0 | AM4: =70*AG4/114 -> 0
I5: 8.5 | J5: 1.5 | K5: 2.5 | L5: 1.5 | M5: 0 | O5: =360*I5/211 -> 14.50237 | P5: =3*J5/104.5 -> 0.043062201 | Q5: =3*K5/104.5 -> 0.071770335 | R5: =3*L5/104.5 -> 0.043062201 | S5: =3*M5/104.5 -> 0 | AC5: 8.5 | AD5: 8 | AE5: 3.5 | AF5: 8.5 | AG5: 2 | AI5: =360*AC5/211 -> 14.50237 | AJ5: =70*AD5/114 -> 4.9122807 | AK5: =70*AE5/114 -> 2.1491228 | AL5: =70*AF5/114 -> 5.2192982 | AM5: =70*AG5/114 -> 1.2280702
I6: 17.5 | J6: 77.5 | K6: 9 | L6: 64 | M6: 7.5 | O6: =360*I6/211 -> 29.85782 | P6: =3*J6/104.5 -> 2.2248804 | Q6: =3*K6/104.5 -> 0.25837321 | R6: =3*L6/104.5 -> 1.8373206 | S6: =3*M6/104.5 -> 0.215311 | AC6: 17.5 | AD6: 76.5 | AE6: 15 | AF6: 42.3 | AG6: 6.6 | AI6: =360*AC6/211 -> 29.85782 | AJ6: =70*AD6/114 -> 46.973684 | AK6: =70*AE6/114 -> 9.2105263 | AL6: =70*AF6/114 -> 25.973684 | AM6: =70*AG6/114 -> 4.0526316
I7: 26 | J7: 93.8 | K7: 8 | L7: 76 | M7: 8.5 | O7: =360*I7/211 -> 44.36019 | P7: =3*J7/104.5 -> 2.692823 | Q7: =3*K7/104.5 -> 0.22966507 | R7: =3*L7/104.5 -> 2.1818182 | S7: =3*M7/104.5 -> 0.24401914 | AC7: 26 | AD7: 92 | AE7: 18.5 | AF7: 42 | AG7: 6 | AI7: =360*AC7/211 -> 44.36019 | AJ7: =70*AD7/114 -> 56.491228 | AK7: =70*AE7/114 -> 11.359649 | AL7: =70*AF7/114 -> 25.789474 | AM7: =70*AG7/114 -> 3.6842105
I8: 35 | J8: 57.5 | K8: 12 | L8: 47 | M8: 14 | O8: =360*I8/211 -> 59.71564 | P8: =3*J8/104.5 -> 1.6507177 | Q8: =3*K8/104.5 -> 0.34449761 | R8: =3*L8/104.5 -> 1.3492823 | S8: =3*M8/104.5 -> 0.40191388 | AC8: 35 | AD8: 58 | AE8: 5 | AF8: 27 | AG8: 5 | AI8: =360*AC8/211 -> 59.71564 | AJ8: =70*AD8/114 -> 35.614035 | AK8: =70*AE8/114 -> 3.0701754 | AL8: =70*AF8/114 -> 16.578947 | AM8: =70*AG8/114 -> 3.0701754
I9: 43.5 | J9: 32 | K9: 11.5 | L9: 27.5 | M9: 12.5 | O9: =360*I9/211 -> 74.218009 | P9: =3*J9/104.5 -> 0.91866029 | Q9: =3*K9/104.5 -> 0.33014354 | R9: =3*L9/104.5 -> 0.78947368 | S9: =3*M9/104.5 -> 0.35885167 | AC9: 43.5 | AD9: 43 | AE9: 8 | AF9: 23 | AG9: 3.5 | AI9: =360*AC9/211 -> 74.218009 | AJ9: =70*AD9/114 -> 26.403509 | AK9: =70*AE9/114 -> 4.9122807 | AL9: =70*AF9/114 -> 14.122807 | AM9: =70*AG9/114 -> 2.1491228
I10: 52.5 | J10: 23.5 | K10: 9 | L10: 18.5 | M10: 9 | O10: =360*I10/211 -> 89.57346 | P10: =3*J10/104.5 -> 0.67464115 | Q10: =3*K10/104.5 -> 0.25837321 | R10: =3*L10/104.5 -> 0.53110048 | S10: =3*M10/104.5 -> 0.25837321 | AC10: 52.5 | AD10: 40 | AE10: 10 | AF10: 20 | AG10: 3 | AI10: =360*AC10/211 -> 89.57346 | AJ10: =70*AD10/114 -> 24.561404 | AK10: =70*AE10/114 -> 6.1403509 | AL10: =70*AF10/114 -> 12.280702 | AM10: =70*AG10/114 -> 1.8421053
I11: 61.5 | J11: 21.5 | K11: 9 | L11: 14 | M11: 8 | O11: =360*I11/211 -> 104.92891 | P11: =3*J11/104.5 -> 0.61722488 | Q11: =3*K11/104.5 -> 0.25837321 | R11: =3*L11/104.5 -> 0.40191388 | S11: =3*M11/104.5 -> 0.22966507 | AC11: 61.5 | AD11: 35.5 | AE11: 7 | AF11: 17 | AG11: 3.5 | AI11: =360*AC11/211 -> 104.92891 | AJ11: =70*AD11/114 -> 21.798246 | AK11: =70*AE11/114 -> 4.2982456 | AL11: =70*AF11/114 -> 10.438596 | AM11: =70*AG11/114 -> 2.1491228
I12: 70.5 | J12: 13 | K12: 8 | L12: 19 | M12: 5 | O12: =360*I12/211 -> 120.28436 | P12: =3*J12/104.5 -> 0.37320574 | Q12: =3*K12/104.5 -> 0.22966507 | R12: =3*L12/104.5 -> 0.54545455 | S12: =3*M12/104.5 -> 0.14354067 | AC12: 70.5 | AD12: 22.3 | AE12: 0 | AF12: 14 | AG12: 3.5 | AI12: =360*AC12/211 -> 120.28436 | AJ12: =70*AD12/114 -> 13.692982 | AK12: =70*AE12/114 -> 0 | AL12: =70*AF12/114 -> 8.5964912 | AM12: =70*AG12/114 -> 2.1491228
I13: 87.5 | J13: -8 | K13: 2 | L13: 12.5 | M13: 5 | O13: =360*I13/211 -> 149.2891 | P13: =3*J13/104.5 -> -0.22966507 | Q13: =3*K13/104.5 -> 0.057416268 | R13: =3*L13/104.5 -> 0.35885167 | S13: =3*M13/104.5 -> 0.14354067 | AC13: 87.5 | AD13: 3.5 | AE13: 0 | AF13: 12.8 | AG13: 3 | AI13: =360*AC13/211 -> 149.2891 | AJ13: =70*AD13/114 -> 2.1491228 | AK13: =70*AE13/114 -> 0 | AL13: =70*AF13/114 -> 7.8596491 | AM13: =70*AG13/114 -> 1.8421053
I14: 105.5 | J14: -5 | K14: 4 | L14: 4 | M14: 2.5 | O14: =360*I14/211 -> 180 | P14: =3*J14/104.5 -> -0.14354067 | Q14: =3*K14/104.5 -> 0.11483254 | R14: =3*L14/104.5 -> 0.11483254 | S14: =3*M14/104.5 -> 0.071770335 | AC14: 105.5 | AD14: 0 | AE14: 0 | AF14: 8.5 | AG14: 3 | AI14: =360*AC14/211 -> 180 | AJ14: =70*AD14/114 -> 0 | AK14: =70*AE14/114 -> 0 | AL14: =70*AF14/114 -> 5.2192982 | AM14: =70*AG14/114 -> 1.8421053
I15: 123 | J15: -2.5 | K15: 5.5 | L15: 2 | M15: 3 | O15: =360*I15/211 -> 209.85782 | P15: =3*J15/104.5 -> -0.071770335 | Q15: =3*K15/104.5 -> 0.15789474 | R15: =3*L15/104.5 -> 0.057416268 | S15: =3*M15/104.5 -> 0.086124402 | AC15: 123 | AD15: 3 | AE15: 0 | AF15: 4 | AG15: 2 | AI15: =360*AC15/211 -> 209.85782 | AJ15: =70*AD15/114 -> 1.8421053 | AK15: =70*AE15/114 -> 0 | AL15: =70*AF15/114 -> 2.4561404 | AM15: =70*AG15/114 -> 1.2280702
I16: 140.5 | J16: -6 | K16: 3 | L16: 4.5 | M16: 2.5 | O16: =360*I16/211 -> 239.71564 | P16: =3*J16/104.5 -> -0.1722488 | Q16: =3*K16/104.5 -> 0.086124402 | R16: =3*L16/104.5 -> 0.1291866 | S16: =3*M16/104.5 -> 0.071770335 | AC16: 140.5 | AD16: -2.5 | AE16: 0 | AF16: 1.8 | AG16: 1 | AI16: =360*AC16/211 -> 239.71564 | AJ16: =70*AD16/114 -> -1.5350877 | AK16: =70*AE16/114 -> 0 | AL16: =70*AF16/114 -> 1.1052632 | AM16: =70*AG16/114 -> 0.61403509
... I20: 211 | J20: -8 | K20: 3.5 | L20: -10 | M20: 2 | O20: =360*I20/211 -> 360 | P20: =3*J20/104.5 -> -0.22966507 | Q20: =3*K20/104.5 -> 0.10047847 | R20: =3*L20/104.5 -> -0.28708134 | S20: =3*M20/104.5 -> 0.057416268 | AC20: 211 | AD20: -2.5 | AE20: 0 | AF20: -1.5 | AG20: 0 | AI20: =360*AC20/211 -> 360 | AJ20: =70*AD20/114 -> -1.5350877 | AK20: =70*AE20/114 -> 0 | AL20: =70*AF20/114 -> -0.92105263 | AM20: =70*AG20/114 -> 0
I22: 211 | J22: 104.5 | O22: =360*I22/211 -> 360 | P22: =3*J22/104.5 -> 3 | AB22: schaal | AC22: 211 | AD22: 114 | AI22: =360*AC22/211 -> 360 | AJ22: =70*AD22/114 -> 70

Sheet herschaalde waarden
A1: time sim | B1: glucose: | C1: 5 | D1: Bread simulated | F1: 5 | G1: Pasta simulated | I1: 10 | J1: Insuline: | K1: 5 | L1: Bread simulated | N1: 5 | O1: Pasta simulated
A2: ='simulatie data'!A2 -> 1 | C2: =A2+C$1 -> 6 | D2: ='simulatie data'!CM2-'simulatie data'!CM$2 -> 0 | F2: =A2+F$1 -> 6 | G2: ='simulatie data'!CM500-'simulatie data'!CM$500 -> 0 | I2: =A2+I$1 -> 11 | K2: =A2+K$1 -> 6 | L2: ='simulatie data'!DL2-'simulatie data'!DL$2 -> 0 | N2: =A2+N$1 -> 6 | O2: ='simulatie data'!DL500-'simulatie data'!DL$500 -> 0
A3: ='simulatie data'!A3 -> 2 | C3: =A3+C$1 -> 7 | D3: ='simulatie data'!CM3-'simulatie data'!CM$2 -> 1e-05 | F3: =A3+F$1 -> 7 | G3: ='simulatie data'!CM501-'simulatie data'!CM$500 -> -2e-05 | I3: =A3+I$1 -> 12 | K3: =A3+K$1 -> 7 | L3: ='simulatie data'!DL3-'simulatie data'!DL$2 -> 5e-05 | N3: =A3+N$1 -> 7 | O3: ='simulatie data'!DL501-'simulatie data'!DL$500 -> -0.00017
A4: ='simulatie data'!A4 -> 3 | C4: =A4+C$1 -> 8 | D4: ='simulatie data'!CM4-'simulatie data'!CM$2 -> 0.00442 | F4: =A4+F$1 -> 8 | G4: ='simulatie data'!CM502-'simulatie data'!CM$500 -> -4e-05 | I4: =A4+I$1 -> 13 | K4: =A4+K$1 -> 8 | L4: ='simulatie data'!DL4-'simulatie data'!DL$2 -> 0.01405 | N4: =A4+N$1 -> 8 | O4: ='simulatie data'!DL502-'simulatie data'!DL$500 -> -0.00035
A5: ='simulatie data'!A5 -> 4 | C5: =A5+C$1 -> 9 | D5: ='simulatie data'!CM5-'simulatie data'!CM$2 -> 0.02799 | F5: =A5+F$1 -> 9 | G5: ='simulatie data'!CM503-'simulatie data'!CM$500 -> -5e-05 | I5: =A5+I$1 -> 14 | K5: =A5+K$1 -> 9 | L5: ='simulatie data'!DL5-'simulatie data'!DL$2 -> 0.09465 | N5: =A5+N$1 -> 9 | O5: ='simulatie data'!DL503-'simulatie data'!DL$500 -> -0.00049
A6: ='simulatie data'!A6 -> 5 | C6: =A6+C$1 -> 10 | D6: ='simulatie data'!CM6-'simulatie data'!CM$2 -> 0.0765 | F6: =A6+F$1 -> 10 | G6: ='simulatie data'!CM504-'simulatie data'!CM$500 -> 0.00245 | I6: =A6+I$1 -> 15 | K6: =A6+K$1 -> 10 | L6: ='simulatie data'!DL6-'simulatie data'!DL$2 -> 0.27974 | N6: =A6+N$1 -> 10 | O6: ='simulatie data'!DL504-'simulatie data'!DL$500 -> 0.00774
A7: ='simulatie data'!A7 -> 6 | C7: =A7+C$1 -> 11 | D7: ='simulatie data'!CM7-'simulatie data'!CM$2 -> 0.1486 | F7: =A7+F$1 -> 11 | G7: ='simulatie data'!CM505-'simulatie data'!CM$500 -> 0.01947 | I7: =A7+I$1 -> 16 | K7: =A7+K$1 -> 11 | L7: ='simulatie data'!DL7-'simulatie data'!DL$2 -> 0.5891 | N7: =A7+N$1 -> 11 | O7: ='simulatie data'!DL505-'simulatie data'!DL$500 -> 0.06604
A8: ='simulatie data'!A8 -> 7 | C8: =A8+C$1 -> 12 | D8: ='simulatie data'!CM8-'simulatie data'!CM$2 -> 0.24118 | F8: =A8+F$1 -> 12 | G8: ='simulatie data'!CM506-'simulatie data'!CM$500 -> 0.05742 | I8: =A8+I$1 -> 17 | K8: =A8+K$1 -> 12 | L8: ='simulatie data'!DL8-'simulatie data'!DL$2 -> 1.0367 | N8: =A8+N$1 -> 12 | O8: ='simulatie data'!DL506-'simulatie data'!DL$500 -> 0.20917
A9: ='simulatie data'!A9 -> 8 | C9: =A9+C$1 -> 13 | D9: ='simulatie data'!CM9-'simulatie data'!CM$2 -> 0.35069 | F9: =A9+F$1 -> 13 | G9: ='simulatie data'!CM507-'simulatie data'!CM$500 -> 0.11547 | I9: =A9+I$1 -> 18 | K9: =A9+K$1 -> 13 | L9: ='simulatie data'!DL9-'simulatie data'!DL$2 -> 1.63434 | N9: =A9+N$1 -> 13 | O9: ='simulatie data'!DL507-'simulatie data'!DL$500 -> 0.45306
A10: ='simulatie data'!A10 -> 9 | C10: =A10+C$1 -> 14 | D10: ='simulatie data'!CM10-'simulatie data'!CM$2 -> 0.47346 | F10: =A10+F$1 -> 14 | G10: ='simulatie data'!CM508-'simulatie data'!CM$500 -> 0.19102 | I10: =A10+I$1 -> 19 | K10: =A10+K$1 -> 14 | L10: ='simulatie data'!DL10-'simulatie data'!DL$2 -> 2.39271 | N10: =A10+N$1 -> 14 | O10: ='simulatie data'!DL508-'simulatie data'!DL$500 -> 0.80719
A11: ='simulatie data'!A11 -> 10 | C11: =A11+C$1 -> 15 | D11: ='simulatie data'!CM11-'simulatie data'!CM$2 -> 0.60557 | F11: =A11+F$1 -> 15 | G11: ='simulatie data'!CM509-'simulatie data'!CM$500 -> 0.2809 | I11: =A11+I$1 -> 20 | K11: =A11+K$1 -> 15 | L11: ='simulatie data'!DL11-'simulatie data'!DL$2 -> 3.321 | N11: =A11+N$1 -> 15 | O11: ='simulatie data'!DL509-'simulatie data'!DL$500 -> 1.27743
A12: ='simulatie data'!A12 -> 11 | C12: =A12+C$1 -> 16 | D12: ='simulatie data'!CM12-'simulatie data'!CM$2 -> 0.74273 | F12: =A12+F$1 -> 16 | G12: ='simulatie data'!CM510-'simulatie data'!CM$500 -> 0.38182 | I12: =A12+I$1 -> 21 | K12: =A12+K$1 -> 16 | L12: ='simulatie data'!DL12-'simulatie data'!DL$2 -> 4.4252 | N12: =A12+N$1 -> 16 | O12: ='simulatie data'!DL510-'simulatie data'!DL$500 -> 1.8676
A13: ='simulatie data'!A13 -> 12 | C13: =A13+C$1 -> 17 | D13: ='simulatie data'!CM13-'simulatie data'!CM$2 -> 0.87998 | F13: =A13+F$1 -> 17 | G13: ='simulatie data'!CM511-'simulatie data'!CM$500 -> 0.49075 | I13: =A13+I$1 -> 22 | K13: =A13+K$1 -> 17 | L13: ='simulatie data'!DL13-'simulatie data'!DL$2 -> 5.70485 | N13: =A13+N$1 -> 17 | O13: ='simulatie data'!DL511-'simulatie data'!DL$500 -> 2.58071
... A301: ='simulatie data'!A301 -> 300 | C301: =A301+C$1 -> 305 | D301: ='simulatie data'!CM301-'simulatie data'!CM$2 -> -0.10837 | F301: =A301+F$1 -> 305 | G301: ='simulatie data'!CM799-'simulatie data'!CM$500 -> -0.00644 | I301: =A301+I$1 -> 310 | K301: =A301+K$1 -> 305 | L301: ='simulatie data'!DL301-'simulatie data'!DL$2 -> -0.39874 | N301: =A301+N$1 -> 305 | O301: ='simulatie data'!DL799-'simulatie data'!DL$500 -> 0.85147

Sheet simulatie en Eelderink
I1: Delta plasma Glucose | AC1: Delta plasma Insulin
J2: Bread | L2: Pasta | P2: bread | R2: Pasta | AD2: Bread | AF2: Pasta | AJ2: bread | AL2: Pasta
I3: tijd (mm) | J3: Delta Insulin (mm) | K3: s.d. | L3: Delta insulin(cm) | M3: s.d. | O3: tijd (min) | P3: D plasma Insulin (mU/mL) | Q3: s.d. | R3: D plasma Insulin (mU/mL) | S3: s.d. | AC3: tijd (mm) | AD3: Delta Insulin (mm) | AE3: s.d. | AF3: Delta insulin(cm) | AG3: s.d. | AI3: tijd (min) | AJ3: D plasma Insulin (mU/mL) | AK3: s.d. | AL3: D plasma Insulin (mU/mL) | AM3: s.d.
I4: 0 | J4: 0 | K4: 0 | L4: 0 | M4: 0 | O4: =360*I4/211 -> 0 | P4: =3*J4/104.5 -> 0 | Q4: =3*K4/104.5 -> 0 | R4: =3*L4/104.5 -> 0 | S4: =3*M4/104.5 -> 0 | AC4: 0 | AD4: 0 | AF4: 0 | AI4: =360*AC4/211 -> 0 | AJ4: =70*AD4/114 -> 0 | AK4: =70*AE4/114 -> 0 | AL4: =70*AF4/114 -> 0 | AM4: =70*AG4/114 -> 0
I5: 8.5 | J5: 1.5 | K5: 2.5 | L5: 1.5 | M5: 0 | O5: =360*I5/211 -> 14.50237 | P5: =3*J5/104.5 -> 0.043062201 | Q5: =3*K5/104.5 -> 0.071770335 | R5: =3*L5/104.5 -> 0.043062201 | S5: =3*M5/104.5 -> 0 | AC5: 8.5 | AD5: 8 | AE5: 3.5 | AF5: 8.5 | AG5: 2 | AI5: =360*AC5/211 -> 14.50237 | AJ5: =70*AD5/114 -> 4.9122807 | AK5: =70*AE5/114 -> 2.1491228 | AL5: =70*AF5/114 -> 5.2192982 | AM5: =70*AG5/114 -> 1.2280702
I6: 17.5 | J6: 77.5 | K6: 9 | L6: 64 | M6: 7.5 | O6: =360*I6/211 -> 29.85782 | P6: =3*J6/104.5 -> 2.2248804 | Q6: =3*K6/104.5 -> 0.25837321 | R6: =3*L6/104.5 -> 1.8373206 | S6: =3*M6/104.5 -> 0.215311 | AC6: 17.5 | AD6: 76.5 | AE6: 15 | AF6: 42.3 | AG6: 6.6 | AI6: =360*AC6/211 -> 29.85782 | AJ6: =70*AD6/114 -> 46.973684 | AK6: =70*AE6/114 -> 9.2105263 | AL6: =70*AF6/114 -> 25.973684 | AM6: =70*AG6/114 -> 4.0526316
I7: 26 | J7: 93.8 | K7: 8 | L7: 76 | M7: 8.5 | O7: =360*I7/211 -> 44.36019 | P7: =3*J7/104.5 -> 2.692823 | Q7: =3*K7/104.5 -> 0.22966507 | R7: =3*L7/104.5 -> 2.1818182 | S7: =3*M7/104.5 -> 0.24401914 | AC7: 26 | AD7: 92 | AE7: 18.5 | AF7: 42 | AG7: 6 | AI7: =360*AC7/211 -> 44.36019 | AJ7: =70*AD7/114 -> 56.491228 | AK7: =70*AE7/114 -> 11.359649 | AL7: =70*AF7/114 -> 25.789474 | AM7: =70*AG7/114 -> 3.6842105
I8: 35 | J8: 57.5 | K8: 12 | L8: 47 | M8: 14 | O8: =360*I8/211 -> 59.71564 | P8: =3*J8/104.5 -> 1.6507177 | Q8: =3*K8/104.5 -> 0.34449761 | R8: =3*L8/104.5 -> 1.3492823 | S8: =3*M8/104.5 -> 0.40191388 | AC8: 35 | AD8: 58 | AE8: 5 | AF8: 27 | AG8: 5 | AI8: =360*AC8/211 -> 59.71564 | AJ8: =70*AD8/114 -> 35.614035 | AK8: =70*AE8/114 -> 3.0701754 | AL8: =70*AF8/114 -> 16.578947 | AM8: =70*AG8/114 -> 3.0701754
I9: 43.5 | J9: 32 | K9: 11.5 | L9: 27.5 | M9: 12.5 | O9: =360*I9/211 -> 74.218009 | P9: =3*J9/104.5 -> 0.91866029 | Q9: =3*K9/104.5 -> 0.33014354 | R9: =3*L9/104.5 -> 0.78947368 | S9: =3*M9/104.5 -> 0.35885167 | AC9: 43.5 | AD9: 43 | AE9: 8 | AF9: 23 | AG9: 3.5 | AI9: =360*AC9/211 -> 74.218009 | AJ9: =70*AD9/114 -> 26.403509 | AK9: =70*AE9/114 -> 4.9122807 | AL9: =70*AF9/114 -> 14.122807 | AM9: =70*AG9/114 -> 2.1491228
I10: 52.5 | J10: 23.5 | K10: 9 | L10: 18.5 | M10: 9 | O10: =360*I10/211 -> 89.57346 | P10: =3*J10/104.5 -> 0.67464115 | Q10: =3*K10/104.5 -> 0.25837321 | R10: =3*L10/104.5 -> 0.53110048 | S10: =3*M10/104.5 -> 0.25837321 | AC10: 52.5 | AD10: 40 | AE10: 10 | AF10: 20 | AG10: 3 | AI10: =360*AC10/211 -> 89.57346 | AJ10: =70*AD10/114 -> 24.561404 | AK10: =70*AE10/114 -> 6.1403509 | AL10: =70*AF10/114 -> 12.280702 | AM10: =70*AG10/114 -> 1.8421053
I11: 61.5 | J11: 21.5 | K11: 9 | L11: 14 | M11: 8 | O11: =360*I11/211 -> 104.92891 | P11: =3*J11/104.5 -> 0.61722488 | Q11: =3*K11/104.5 -> 0.25837321 | R11: =3*L11/104.5 -> 0.40191388 | S11: =3*M11/104.5 -> 0.22966507 | AC11: 61.5 | AD11: 35.5 | AE11: 7 | AF11: 17 | AG11: 3.5 | AI11: =360*AC11/211 -> 104.92891 | AJ11: =70*AD11/114 -> 21.798246 | AK11: =70*AE11/114 -> 4.2982456 | AL11: =70*AF11/114 -> 10.438596 | AM11: =70*AG11/114 -> 2.1491228
I12: 70.5 | J12: 13 | K12: 8 | L12: 19 | M12: 5 | O12: =360*I12/211 -> 120.28436 | P12: =3*J12/104.5 -> 0.37320574 | Q12: =3*K12/104.5 -> 0.22966507 | R12: =3*L12/104.5 -> 0.54545455 | S12: =3*M12/104.5 -> 0.14354067 | AC12: 70.5 | AD12: 22.3 | AE12: 0 | AF12: 14 | AG12: 3.5 | AI12: =360*AC12/211 -> 120.28436 | AJ12: =70*AD12/114 -> 13.692982 | AK12: =70*AE12/114 -> 0 | AL12: =70*AF12/114 -> 8.5964912 | AM12: =70*AG12/114 -> 2.1491228
I13: 87.5 | J13: -8 | K13: 2 | L13: 12.5 | M13: 5 | O13: =360*I13/211 -> 149.2891 | P13: =3*J13/104.5 -> -0.22966507 | Q13: =3*K13/104.5 -> 0.057416268 | R13: =3*L13/104.5 -> 0.35885167 | S13: =3*M13/104.5 -> 0.14354067 | AC13: 87.5 | AD13: 3.5 | AE13: 0 | AF13: 12.8 | AG13: 3 | AI13: =360*AC13/211 -> 149.2891 | AJ13: =70*AD13/114 -> 2.1491228 | AK13: =70*AE13/114 -> 0 | AL13: =70*AF13/114 -> 7.8596491 | AM13: =70*AG13/114 -> 1.8421053
I14: 105.5 | J14: -5 | K14: 4 | L14: 4 | M14: 2.5 | O14: =360*I14/211 -> 180 | P14: =3*J14/104.5 -> -0.14354067 | Q14: =3*K14/104.5 -> 0.11483254 | R14: =3*L14/104.5 -> 0.11483254 | S14: =3*M14/104.5 -> 0.071770335 | AC14: 105.5 | AD14: 0 | AE14: 0 | AF14: 8.5 | AG14: 3 | AI14: =360*AC14/211 -> 180 | AJ14: =70*AD14/114 -> 0 | AK14: =70*AE14/114 -> 0 | AL14: =70*AF14/114 -> 5.2192982 | AM14: =70*AG14/114 -> 1.8421053
I15: 123 | J15: -2.5 | K15: 5.5 | L15: 2 | M15: 3 | O15: =360*I15/211 -> 209.85782 | P15: =3*J15/104.5 -> -0.071770335 | Q15: =3*K15/104.5 -> 0.15789474 | R15: =3*L15/104.5 -> 0.057416268 | S15: =3*M15/104.5 -> 0.086124402 | AC15: 123 | AD15: 3 | AE15: 0 | AF15: 4 | AG15: 2 | AI15: =360*AC15/211 -> 209.85782 | AJ15: =70*AD15/114 -> 1.8421053 | AK15: =70*AE15/114 -> 0 | AL15: =70*AF15/114 -> 2.4561404 | AM15: =70*AG15/114 -> 1.2280702
I16: 140.5 | J16: -6 | K16: 3 | L16: 4.5 | M16: 2.5 | O16: =360*I16/211 -> 239.71564 | P16: =3*J16/104.5 -> -0.1722488 | Q16: =3*K16/104.5 -> 0.086124402 | R16: =3*L16/104.5 -> 0.1291866 | S16: =3*M16/104.5 -> 0.071770335 | AC16: 140.5 | AD16: -2.5 | AE16: 0 | AF16: 1.8 | AG16: 1 | AI16: =360*AC16/211 -> 239.71564 | AJ16: =70*AD16/114 -> -1.5350877 | AK16: =70*AE16/114 -> 0 | AL16: =70*AF16/114 -> 1.1052632 | AM16: =70*AG16/114 -> 0.61403509
... I20: 211 | J20: -8 | K20: 3.5 | L20: -10 | M20: 2 | O20: =360*I20/211 -> 360 | P20: =3*J20/104.5 -> -0.22966507 | Q20: =3*K20/104.5 -> 0.10047847 | R20: =3*L20/104.5 -> -0.28708134 | S20: =3*M20/104.5 -> 0.057416268 | AC20: 211 | AD20: -2.5 | AE20: 0 | AF20: -1.5 | AG20: 0 | AI20: =360*AC20/211 -> 360 | AJ20: =70*AD20/114 -> -1.5350877 | AK20: =70*AE20/114 -> 0 | AL20: =70*AF20/114 -> -0.92105263 | AM20: =70*AG20/114 -> 0
I22: 211 | J22: 104.5 | O22: =360*I22/211 -> 360 | P22: =3*J22/104.5 -> 3 | AB22: schaal | AC22: 211 | AD22: 114 | AI22: =360*AC22/211 -> 360 | AJ22: =70*AD22/114 -> 70
