Workbook
Name _1_water: arabinose!$B$1
Name _1_water: 'rapid starch'!$B$1
Name _1_water: 'resistant starch'!$B$1
Name _1_water: 'slow starch'!$B$1
Name _1_water: sucrose!$B$1
Name milk_choc: meal!$G$13

Sheet meal
A1: Inlezen maaltijden
A2: reference time (minutes after midnight corresponding with time = 0 | D2: (min) | E2: 500
A4: time | B4: compound | C4: amount | D4: dish | E4: eating speed
A5: (min) | B5: (number) | C5: (g) | D5: (number) | E5: (ml/min)
A6: 0 | B6: 29 | C6: 300 | D6: 1 | E6: 64
A7: 1 | B7: 28 | C7: 0 | D7: 1 | E7: 64
A8: 2 | B8: 26 | C8: 0 | D8: 1 | E8: 64
A9: 1000 | B9: 1 | C9: 0 | D9: 1 | E9: 64
A10: 9999
A12: compound number | C12: (number) | D12: 1 | E12: 2 | F12: 3 | G12: 4 | H12: 5 | I12: 6 | J12: 7 | K12: 8 | L12: 9 | M12: 10 | N12: 11 | O12: 12 | P12: 13 | Q12: 14 | R12: 15 | S12: 16 | T12: 17 | U12: 18 | V12: 19 | W12: 20 | X12: 21 | Y12: 22 | Z12: 23 | AA12: 24 | AB12: 25 | AC12: 26 | AD12: 27 | AE12: 28 | AF12: 29 | AG12: 9999
A13: Compound quantifiers | D13: water | E13: glucose | F13: sucrose | G13: milk choc | H13: milk choc arab | I13: gastic milk choc'!A1 | J13: gastic milk choc arab'!A1 | K13: emulsie | L13: arabinose | M13: Rapid starch | N13: Slow starch | O13: resistant starch | P13: extruded | Q13: biscuit | R13: bread meal Eelderink | S13: bread masticated | T13: bread dispersed | U13: pasta Eelderink 2012 | V13: pasta masticated | W13: pasta dispersed | X13: water | Y13: water | Z13: water | AA13: water | AB13: BLG | AC13: comp pepsin inh | AD13: non comp pepsin inh | AE13: comp pancr inh | AF13: BLG
A14: pH | C14: (-) | D14: =water!D4 -> 7 | E14: =glucose!D4 -> 7 | F14: =sucrose!D4 -> 7 | G14: ='milk choc'!D4 -> 7 | H14: ='milk chocolate arabinose'!D4 -> 7 | I14: ='gastic milk choc'!D4 -> 7 | J14: ='gastic milk choc arab'!D4 -> 7 | K14: =emulsie!D4 -> 7 | L14: =arabinose!D4 -> 7 | M14: 7 | N14: 7 | O14: 7 | P14: 7 | Q14: 7 | R14: 7 | S14: 7 | T14: 7 | U14: 7 | V14: 7 | W14: 7 | X14: 0 | Y14: 0 | Z14: 0 | AA14: 0 | AB14: 7 | AC14: 7 | AD14: 7 | AE14: 7 | AF14: 7
A15: solid | C15: particlesize (mm) | D15: =water!D5 -> 0 | E15: 1 | F15: 1 | G15: ='milk choc'!D5 -> 1 | H15: ='milk chocolate arabinose'!D5 -> 1 | I15: 0 | J15: 0 | K15: =emulsie!D5 -> 0 | L15: =arabinose!D5 -> 1 | M15: 2 | N15: 1 | O15: 1 | P15: 1 | Q15: 1 | R15: 20 | S15: 5 | T15: 1 | U15: 20 | V15: 5 | W15: 1 | X15: 0 | Y15: 0 | Z15: 0 | AA15: 0 | AB15: 1 | AC15: 0 | AD15: 0 | AE15: 0 | AF15: 1
A16: viscosity | C16: (mPa.s) | D16: =water!D6 -> 1 | E16: =glucose!D6 -> 1 | F16: =sucrose!D6 -> 1 | G16: ='milk choc'!D6 -> 1 | H16: ='milk chocolate arabinose'!D6 -> 1 | I16: 1000 | J16: 1000 | K16: =emulsie!D6 -> 1 | L16: =arabinose!D6 -> 1 | M16: 1000 | N16: 1 | O16: 1 | P16: 10000 | Q16: 10000 | R16: 1000 | S16: 10 | T16: 10 | U16: 1000 | V16: 10 | W16: 10 | X16: 0 | Y16: 0 | Z16: 0 | AA16: 0 | AB16: 1 | AC16: 0 | AD16: 0 | AE16: 0 | AF16: 1
A17: oral decomposition time | C17: (min) | D17: 0.1 | E17: 0.1 | F17: 0.1 | G17: 1 | H17: 1 | I17: 5 | J17: 5 | K17: =emulsie!D7 -> 1 | L17: 0.1 | M17: 10 | N17: 50 | O17: 1 | P17: 10 | Q17: 20 | R17: 0.5 | S17: 50 | T17: 50 | U17: 0.5 | V17: 50 | W17: 50 | X17: 0.1 | Y17: 0.1 | Z17: 0.1 | AA17: 0.1 | AB17: 0.1 | AC17: 0.1 | AD17: 0.1 | AE17: 0.1 | AF17: 0.1
C18: decomposes into (compound) | D18: =water!D8 -> 0 | E18: =glucose!D8 -> 0 | F18: =sucrose!D8 -> 0 | G18: ='milk choc'!D8 -> 6 | H18: 7 | I18: ='gastic milk choc'!D8 -> 0 | J18: ='gastic milk choc arab'!D8 -> 0 | K18: =emulsie!D8 -> 0 | L18: =arabinose!D8 -> 0 | M18: 0 | N18: 0 | O18: 0 | P18: 10 | Q18: 11 | R18: 16 | S18: 17 | T18: 0 | U18: 19 | V18: 20 | W18: 0 | X18: 0 | Y18: 0 | Z18: 0 | AA18: 0 | AB18: 0 | AC18: 0 | AD18: 0 | AE18: 0 | AF18: 0
C19: (%) | D19: =water!D9 -> 0 | E19: =glucose!D9 -> 0 | F19: =sucrose!D9 -> 0 | G19: 95 | H19: 95 | I19: ='gastic milk choc'!D9 -> 0 | J19: ='gastic milk choc arab'!D9 -> 0 | K19: =emulsie!D9 -> 0 | L19: =arabinose!D9 -> 0 | M19: 0 | N19: 0 | O19: 0 | P19: 50 | Q19: 100 | R19: 60 | S19: 100 | T19: 0 | U19: 70 | V19: 100 | W19: 0 | X19: 0 | Y19: 0 | Z19: 0 | AA19: 0 | AB19: 0 | AC19: 0 | AD19: 0 | AE19: 0 | AF19: 0
C20: and (compound) | D20: =water!D10 -> 0 | E20: =glucose!D10 -> 0 | F20: =sucrose!D10 -> 0 | G20: ='milk choc'!D10 -> 0 | H20: ='milk chocolate arabinose'!D10 -> 0 | I20: ='gastic milk choc'!D10 -> 0 | J20: ='gastic milk choc arab'!D10 -> 0 | K20: =emulsie!D10 -> 0 | L20: =arabinose!D10 -> 0 | M20: 0 | N20: 0 | O20: 0 | P20: 0 | Q20: 0 | R20: 0 | S20: 0 | T20: 0 | U20: 0 | V20: 0 | W20: 0 | X20: 0 | Y20: 0 | Z20: 0 | AA20: 0 | AB20: 0 | AC20: 0 | AD20: 0 | AE20: 0 | AF20: 0
C21: (%) | D21: =water!D11 -> 0 | E21: =glucose!D11 -> 0 | F21: =sucrose!D11 -> 0 | G21: ='milk choc'!D11 -> 0 | H21: ='milk chocolate arabinose'!D11 -> 0 | I21: ='gastic milk choc'!D11 -> 0 | J21: ='gastic milk choc arab'!D11 -> 0 | K21: =emulsie!D11 -> 0 | L21: =arabinose!D11 -> 0 | M21: 0 | N21: 0 | O21: 0 | P21: 0 | Q21: 0 | R21: 0 | S21: 0 | T21: 0 | U21: 0 | V21: 0 | W21: 0 | X21: 0 | Y21: 0 | Z21: 0 | AA21: 0 | AB21: 0 | AC21: 0 | AD21: 0 | AE21: 0 | AF21: 0
A22: gastric decomposition time | C22: (min) | D22: 0.1 | E22: 0.1 | F22: 0.1 | G22: 5 | H22: 5 | I22: 50 | J22: 50 | K22: =emulsie!D12 -> 1 | L22: 0.1 | M22: 10 | N22: 50 | O22: 1 | P22: 10 | Q22: 100 | R22: 50 | S22: 50 | T22: 50 | U22: 50 | V22: 50 | W22: 50 | X22: 0.1 | Y22: 0.1 | Z22: 0.1 | AA22: 0.1 | AB22: 0.1 | AC22: 0.1 | AD22: 0.1 | AE22: 0.1 | AF22: 0.1
C23: decomposes into (compound) | D23: =water!D13 -> 0 | E23: =glucose!D13 -> 0 | F23: =sucrose!D13 -> 0 | G23: ='milk choc'!D13 -> 6 | H23: 7 | I23: ='gastic milk choc'!D13 -> 0 | J23: ='gastic milk choc arab'!D13 -> 0 | K23: =emulsie!D13 -> 0 | L23: =arabinose!D13 -> 0 | M23: 0 | N23: 0 | O23: 0 | P23: 10 | Q23: 11 | R23: 16 | S23: 17 | T23: 0 | U23: 19 | V23: 20 | W23: 0 | X23: 0 | Y23: 0 | Z23: 0 | AA23: 0 | AB23: 0 | AC23: 0 | AD23: 0 | AE23: 0 | AF23: 0
C24: (%) | D24: =water!D14 -> 0 | E24: =glucose!D14 -> 0 | F24: =sucrose!D14 -> 0 | G24: 100 | H24: 100 | I24: ='gastic milk choc'!D14 -> 0 | J24: ='gastic milk choc arab'!D14 -> 0 | K24: =emulsie!D14 -> 0 | L24: =arabinose!D14 -> 0 | M24: 0 | N24: 0 | O24: 0 | P24: 50 | Q24: 100 | R24: 60 | S24: 100 | T24: 0 | U24: 60 | V24: 100 | W24: 0 | X24: 0 | Y24: 0 | Z24: 0 | AA24: 0 | AB24: 0 | AC24: 0 | AD24: 0 | AE24: 0 | AF24: 0
C25: and (compound) | D25: =water!D15 -> 0 | E25: =glucose!D15 -> 0 | F25: =sucrose!D15 -> 0 | G25: ='milk choc'!D15 -> 0 | H25: ='milk chocolate arabinose'!D15 -> 0 | I25: ='gastic milk choc'!D15 -> 0 | J25: ='gastic milk choc arab'!D15 -> 0 | K25: =emulsie!D15 -> 0 | L25: =arabinose!D15 -> 0 | M25: 0 | N25: 0 | O25: 0 | P25: 0 | Q25: 0 | R25: 0 | S25: 0 | T25: 0 | U25: 20 | V25: 0 | W25: 0 | X25: 0 | Y25: 0 | Z25: 0 | AA25: 0 | AB25: 0 | AC25: 0 | AD25: 0 | AE25: 0 | AF25: 0
C26: (%) | D26: =water!D16 -> 0 | E26: =glucose!D16 -> 0 | F26: =sucrose!D16 -> 0 | G26: ='milk choc'!D16 -> 0 | H26: ='milk chocolate arabinose'!D16 -> 0 | I26: ='gastic milk choc'!D16 -> 0 | J26: ='gastic milk choc arab'!D16 -> 0 | K26: =emulsie!D16 -> 0 | L26: =arabinose!D16 -> 0 | M26: 0 | N26: 0 | O26: 0 | P26: 0 | Q26: 0 | R26: 40 | S26: 0 | T26: 0 | U26: 40 | V26: 0 | W26: 0 | X26: 0 | Y26: 0 | Z26: 0 | AA26: 0 | AB26: 0 | AC26: 0 | AD26: 0 | AE26: 0 | AF26: 0
A27: intestinal decomposition time | C27: (min) | D27: 0.1 | E27: 0.1 | F27: 0.1 | G27: 1 | H27: 1 | I27: 1 | J27: 1 | K27: =emulsie!D17 -> 1 | L27: 0.1 | M27: 2 | N27: 10 | O27: 1 | P27: 10 | Q27: 100 | R27: 10 | S27: 20 | T27: 20 | U27: 10 | V27: 20 | W27: 20 | X27: 0.1 | Y27: 0.1 | Z27: 0.1 | AA27: 0.1 | AB27: 1 | AC27: 0.1 | AD27: 0.1 | AE27: 0.1 | AF27: 1
C28: decomposes into (compound) | D28: =water!D18 -> 0 | E28: =glucose!D18 -> 0 | F28: =sucrose!D18 -> 0 | G28: 6 | H28: 7 | I28: ='gastic milk choc'!D18 -> 0 | J28: ='gastic milk choc arab'!D18 -> 0 | K28: =emulsie!D18 -> 0 | L28: =arabinose!D18 -> 0 | M28: 0 | N28: 0 | O28: 0 | P28: 10 | Q28: 11 | R28: 16 | S28: 17 | T28: 0 | U28: 19 | V28: 20 | W28: 0 | X28: 0 | Y28: 0 | Z28: 0 | AA28: 0 | AB28: 0 | AC28: 0 | AD28: 0 | AE28: 0 | AF28: 0
C29: (%) | D29: =water!D19 -> 0 | E29: =glucose!D19 -> 0 | F29: =sucrose!D19 -> 0 | G29: 100 | H29: 100 | I29: ='gastic milk choc'!D19 -> 0 | J29: ='gastic milk choc arab'!D19 -> 0 | K29: =emulsie!D19 -> 0 | L29: =arabinose!D19 -> 0 | M29: 0 | N29: 0 | O29: 0 | P29: 50 | Q29: 100 | R29: 50 | S29: 100 | T29: 0 | U29: 50 | V29: 100 | W29: 0 | X29: 0 | Y29: 0 | Z29: 0 | AA29: 0 | AB29: 0 | AC29: 0 | AD29: 0 | AE29: 0 | AF29: 0
C30: and (compound) | D30: =water!D20 -> 0 | E30: =glucose!D20 -> 0 | F30: =sucrose!D20 -> 0 | G30: ='milk choc'!D20 -> 0 | H30: ='milk chocolate arabinose'!D20 -> 0 | I30: ='gastic milk choc'!D20 -> 0 | J30: ='gastic milk choc arab'!D20 -> 0 | K30: =emulsie!D20 -> 0 | L30: =arabinose!D20 -> 0 | M30: 0 | N30: 0 | O30: 0 | P30: 0 | Q30: 0 | R30: 0 | S30: 0 | T30: 0 | U30: 20 | V30: 0 | W30: 0 | X30: 0 | Y30: 0 | Z30: 0 | AA30: 0 | AB30: 0 | AC30: 0 | AD30: 0 | AE30: 0 | AF30: 0
C31: (%) | D31: =water!D21 -> 0 | E31: =glucose!D21 -> 0 | F31: =sucrose!D21 -> 0 | G31: ='milk choc'!D21 -> 0 | H31: ='milk chocolate arabinose'!D21 -> 0 | I31: ='gastic milk choc'!D21 -> 0 | J31: ='gastic milk choc arab'!D21 -> 0 | K31: =emulsie!D21 -> 0 | L31: =arabinose!D21 -> 0 | M31: 0 | N31: 0 | O31: 0 | P31: 0 | Q31: 0 | R31: 50 | S31: 0 | T31: 0 | U31: 50 | V31: 0 | W31: 0 | X31: 0 | Y31: 0 | Z31: 0 | AA31: 0 | AB31: 0 | AC31: 0 | AD31: 0 | AE31: 0 | AF31: 0
B34: Ingredient
A35: 1 | B35: water | C35: (g) | D35: =water!D25 -> 100 | E35: =glucose!D25 -> 0 | F35: =sucrose!D25 -> 0 | G35: ='milk choc'!D25 -> 0 | H35: ='milk chocolate arabinose'!D25 -> 0 | I35: ='gastic milk choc'!D25 -> 36.94 | J35: ='gastic milk choc arab'!D25 -> 36.94 | K35: =emulsie!D25 -> 50 | L35: =arabinose!D25 -> 0 | M35: 0 | N35: 0 | O35: 0 | P35: 14 | Q35: 14 | R35: 67 | S35: 67 | T35: 67 | U35: 54 | V35: 54 | W35: 54 | X35: 100 | Y35: 100 | Z35: 100 | AA35: 100 | AB35: 0 | AC35: 0 | AD35: 0 | AE35: 0 | AF35: 113
A36: 2 | B36: fat | C36: (g) | D36: =water!D26 -> 0 | E36: =glucose!D26 -> 0 | F36: =sucrose!D26 -> 0 | G36: ='milk choc'!D26 -> 32.73 | H36: ='milk chocolate arabinose'!D26 -> 32.73 | I36: ='gastic milk choc'!D26 -> 29.13 | J36: ='gastic milk choc arab'!D26 -> 29.13 | K36: =emulsie!D26 -> 50 | L36: =arabinose!D26 -> 0 | M36: 0 | N36: 0 | O36: 0 | P36: 0 | Q36: 0 | R36: 9 | S36: 9 | T36: 9 | U36: 9 | V36: 9 | W36: 9 | X36: 0 | Y36: 0 | Z36: 0 | AA36: 0 | AB36: 0 | AC36: 0 | AD36: 0 | AE36: 0 | AF36: 0
A37: 3 | B37: glucose | C37: (g) | D37: =water!D27 -> 0 | E37: 99 | F37: =sucrose!D27 -> 0 | G37: ='milk choc'!D27 -> 0 | H37: ='milk chocolate arabinose'!D27 -> 0 | I37: ='gastic milk choc'!D27 -> 0 | J37: ='gastic milk choc arab'!D27 -> 0 | K37: =emulsie!D27 -> 0 | L37: =arabinose!D27 -> 0 | M37: 0 | N37: 0 | O37: 0 | P37: 0 | Q37: 0 | R37: 0 | S37: 0 | T37: 0 | U37: 0 | V37: 0 | W37: 0 | X37: 0 | Y37: 0 | Z37: 0 | AA37: 0 | AB37: 0 | AC37: 0 | AD37: 0 | AE37: 0 | AF37: 0
A38: 4 | B38: protein | C38: (g) | D38: =water!D28 -> 0 | E38: =glucose!D28 -> 0 | F38: =sucrose!D28 -> 0 | G38: ='milk choc'!D28 -> 1.08 | H38: ='milk chocolate arabinose'!D28 -> 1.08 | I38: ='gastic milk choc'!D28 -> 1.08 | J38: ='gastic milk choc arab'!D28 -> 1.08 | K38: =emulsie!D28 -> 0 | L38: =arabinose!D28 -> 0 | M38: 0 | N38: 0 | O38: 0 | P38: 0 | Q38: 0 | R38: 6 | S38: 6 | T38: 6 | U38: 6 | V38: 6 | W38: 6 | X38: 0 | Y38: 0 | Z38: 0 | AA38: 0 | AB38: 0 | AC38: 0 | AD38: 0 | AE38: 0 | AF38: 6
A39: 5 | B39: pharm | C39: (g) | D39: =water!D29 -> 0 | E39: =glucose!D29 -> 0 | F39: =sucrose!D29 -> 0 | G39: ='milk choc'!D29 -> 0 | H39: ='milk chocolate arabinose'!D29 -> 0 | I39: ='gastic milk choc'!D29 -> 0 | J39: ='gastic milk choc arab'!D29 -> 0 | K39: =emulsie!D29 -> 0 | L39: =arabinose!D29 -> 0 | M39: 0 | N39: 0 | O39: 0 | P39: 0 | Q39: 0 | R39: 0 | S39: 0 | T39: 0 | U39: 0 | V39: 0 | W39: 0 | X39: 0 | Y39: 0 | Z39: 0 | AA39: 0 | AB39: 0 | AC39: 0 | AD39: 0 | AE39: 0 | AF39: 0
A40: 6 | B40: pharm inactive | C40: (g) | D40: =water!D30 -> 0 | E40: =glucose!D30 -> 0 | F40: =sucrose!D30 -> 0 | G40: ='milk choc'!D30 -> 0 | H40: ='milk chocolate arabinose'!D30 -> 0 | I40: ='gastic milk choc'!D30 -> 0 | J40: ='gastic milk choc arab'!D30 -> 0 | K40: =emulsie!D30 -> 0 | L40: =arabinose!D30 -> 0 | M40: 0 | N40: 0 | O40: 0 | P40: 0 | Q40: 0 | R40: 0 | S40: 0 | T40: 0 | U40: 0 | V40: 0 | W40: 0 | X40: 0 | Y40: 0 | Z40: 0 | AA40: 0 | AB40: 0 | AC40: 0 | AD40: 0 | AE40: 0 | AF40: 0
A41: 10 | B41: RDS | C41: (g) | D41: =water!D31 -> 0 | E41: =glucose!D31 -> 0 | F41: =sucrose!D31 -> 0 | G41: ='milk choc'!D31 -> 0 | H41: ='milk chocolate arabinose'!D31 -> 0 | I41: ='gastic milk choc'!D31 -> 0 | J41: ='gastic milk choc arab'!D31 -> 0 | K41: =emulsie!D31 -> 0 | L41: =arabinose!D31 -> 0 | M41: 99 | N41: 0 | O41: 0 | P41: 75 | Q41: 0 | R41: 50 | S41: 50 | T41: 50 | U41: 50 | V41: 50 | W41: 50 | X41: 0 | Y41: 0 | Z41: 0 | AA41: 0 | AB41: 0 | AC41: 0 | AD41: 0 | AE41: 0 | AF41: 0
A42: 11 | B42: SDS | C42: (g) | D42: =water!D32 -> 0 | E42: =glucose!D32 -> 0 | F42: =sucrose!D32 -> 0 | G42: ='milk choc'!D32 -> 0 | H42: ='milk chocolate arabinose'!D32 -> 0 | I42: ='gastic milk choc'!D32 -> 0 | J42: ='gastic milk choc arab'!D32 -> 0 | K42: =emulsie!D32 -> 0 | L42: =arabinose!D32 -> 0 | M42: 0 | N42: 99 | O42: 0 | P42: 0 | Q42: 75 | R42: 0 | S42: 0 | T42: 0 | U42: 0 | V42: 0 | W42: 0 | X42: 0 | Y42: 0 | Z42: 0 | AA42: 0 | AB42: 0 | AC42: 0 | AD42: 0 | AE42: 0 | AF42: 0
A43: 12 | B43: RS | C43: (g) | D43: =water!D33 -> 0 | E43: =glucose!D33 -> 0 | F43: =sucrose!D33 -> 0 | G43: ='milk choc'!D33 -> 6 | H43: ='milk chocolate arabinose'!D33 -> 6 | I43: ='gastic milk choc'!D33 -> 1.78 | J43: ='gastic milk choc arab'!D33 -> 1.78 | K43: =emulsie!D33 -> 0 | L43: =arabinose!D33 -> 0 | M43: 0 | N43: 0 | O43: 99 | P43: 0 | Q43: 0 | R43: 0 | S43: 0 | T43: 0 | U43: 0 | V43: 0 | W43: 0 | X43: 0 | Y43: 0 | Z43: 0 | AA43: 0 | AB43: 0 | AC43: 0 | AD43: 0 | AE43: 0 | AF43: 0
A44: 20 | B44: FA | C44: (g) | D44: =water!D34 -> 0 | E44: =glucose!D34 -> 0 | F44: =sucrose!D34 -> 0 | G44: ='milk choc'!D34 -> 0 | H44: ='milk chocolate arabinose'!D34 -> 0 | I44: ='gastic milk choc'!D34 -> 0 | J44: ='gastic milk choc arab'!D34 -> 0 | K44: =emulsie!D34 -> 0 | L44: =arabinose!D34 -> 0 | M44: 0 | N44: 0 | O44: 0 | P44: 0 | Q44: 0 | R44: 0 | S44: 0 | T44: 0 | U44: 0 | V44: 0 | W44: 0 | X44: 0 | Y44: 0 | Z44: 0 | AA44: 0 | AB44: 0 | AC44: 0 | AD44: 0 | AE44: 0 | AF44: 0
A45: 21 | B45: sucrose | C45: (g) | D45: =water!D35 -> 0 | E45: =glucose!D35 -> 0 | F45: 98 | G45: 40.5 | H45: 28.7 | I45: 19 | J45: 14 | K45: =emulsie!D35 -> 0 | L45: =arabinose!D35 -> 0 | M45: 0 | N45: 0 | O45: 0 | P45: 9 | Q45: 9 | R45: 0 | S45: 0 | T45: 0 | U45: 0 | V45: 0 | W45: 0 | X45: 0 | Y45: 0 | Z45: 0 | AA45: 0 | AB45: 0 | AC45: 0 | AD45: 0 | AE45: 0 | AF45: 0
A46: 22 | B46: fructose | C46: (g) | D46: =water!D36 -> 0 | E46: =glucose!D36 -> 0 | F46: =sucrose!D36 -> 0 | G46: ='milk choc'!D36 -> 0 | H46: ='milk chocolate arabinose'!D36 -> 0 | I46: ='gastic milk choc'!D36 -> 0 | J46: ='gastic milk choc arab'!D36 -> 0 | K46: =emulsie!D36 -> 0 | L46: =arabinose!D36 -> 0 | M46: 0 | N46: 0 | O46: 0 | P46: 0 | Q46: 0 | R46: 0 | S46: 0 | T46: 0 | U46: 0 | V46: 0 | W46: 0 | X46: 0 | Y46: 0 | Z46: 0 | AA46: 0 | AB46: 0 | AC46: 0 | AD46: 0 | AE46: 0 | AF46: 0
A47: 23 | B47: maltose | C47: (g) | D47: =water!D37 -> 0 | E47: =glucose!D37 -> 0 | F47: =sucrose!D37 -> 0 | G47: ='milk choc'!D37 -> 0 | H47: ='milk chocolate arabinose'!D37 -> 0 | I47: ='gastic milk choc'!D37 -> 0 | J47: ='gastic milk choc arab'!D37 -> 0 | K47: =emulsie!D37 -> 0 | L47: =arabinose!D37 -> 0 | M47: 0 | N47: 0 | O47: 0 | P47: 0 | Q47: 0 | R47: 0 | S47: 0 | T47: 0 | U47: 0 | V47: 0 | W47: 0 | X47: 0 | Y47: 0 | Z47: 0 | AA47: 0 | AB47: 0 | AC47: 0 | AD47: 0 | AE47: 0 | AF47: 0
A48: 24 | B48: 13C maltose | C48: (g) | D48: 0 | E48: 0 | F48: 0 | G48: 0 | H48: 0 | I48: 0 | J48: 0 | K48: 0 | L48: 0 | M48: 0 | N48: 0 | O48: 0 | P48: 0 | Q48: 0 | R48: 0 | S48: 0 | T48: 0 | U48: 0 | V48: 0 | W48: 0 | X48: 0 | Y48: 0 | Z48: 0 | AA48: 0 | AB48: 0 | AC48: 0 | AD48: 0 | AE48: 0 | AF48: 0
A49: 25 | B49: arabinose | C49: (g) | D49: =water!D38 -> 0 | E49: =glucose!D38 -> 0 | F49: =sucrose!D38 -> 0 | G49: ='milk choc'!D38 -> 0 | H49: ='milk chocolate arabinose'!D38 -> 11.9 | I49: ='gastic milk choc'!D38 -> 0 | J49: ='gastic milk choc arab'!D38 -> 5 | K49: =emulsie!D38 -> 0 | L49: =arabinose!D38 -> 100 | M49: 0 | N49: 0 | O49: 0 | P49: 0 | Q49: 0 | R49: 0 | S49: 0 | T49: 0 | U49: 0 | V49: 0 | W49: 0 | X49: 0 | Y49: 0 | Z49: 0 | AA49: 0 | AB49: 0 | AC49: 0 | AD49: 0 | AE49: 0 | AF49: 0
A50: 26 | B50: xylose | C50: (g) | D50: =water!D39 -> 0 | E50: =glucose!D39 -> 0 | F50: =sucrose!D39 -> 0 | G50: ='milk choc'!D39 -> 0 | H50: ='milk chocolate arabinose'!D39 -> 0 | I50: ='gastic milk choc'!D39 -> 0 | J50: ='gastic milk choc arab'!D39 -> 0 | K50: =emulsie!D39 -> 0 | L50: =arabinose!D39 -> 0 | M50: 0 | N50: 0 | O50: 0 | P50: 0 | Q50: 0 | R50: 0 | S50: 0 | T50: 0 | U50: 0 | V50: 0 | W50: 0 | X50: 0 | Y50: 0 | Z50: 0 | AA50: 0 | AB50: 0 | AC50: 0 | AD50: 0 | AE50: 0 | AF50: 0
A51: 27 | B51: acarbose | C51: (g) | D51: =water!D40 -> 0 | E51: =glucose!D40 -> 0 | F51: =sucrose!D40 -> 0 | G51: ='milk choc'!D40 -> 0 | H51: ='milk chocolate arabinose'!D40 -> 0 | I51: ='gastic milk choc'!D40 -> 0 | J51: ='gastic milk choc arab'!D40 -> 0 | K51: =emulsie!D40 -> 0 | L51: =arabinose!D40 -> 0 | M51: 0 | N51: 0 | O51: 0 | P51: 0 | Q51: 0 | R51: 0 | S51: 0 | T51: 0 | U51: 0 | V51: 0 | W51: 0 | X51: 0 | Y51: 0 | Z51: 0 | AA51: 0 | AB51: 0 | AC51: 0 | AD51: 0 | AE51: 0 | AF51: 0
A52: 34 | B52: 13C glucose | C52: (g) | D52: 0 | E52: 1 | F52: 0 | G52: 0 | H52: 0 | I52: 0 | J52: 0 | K52: 0 | L52: 0 | M52: 0 | N52: 0 | O52: 0 | P52: 0 | Q52: 0 | R52: 0 | S52: 0 | T52: 0 | U52: 0 | V52: 0 | W52: 0 | X52: 0 | Y52: 0 | Z52: 0 | AA52: 0 | AB52: 0 | AC52: 0 | AD52: 0 | AE52: 0 | AF52: 0
A53: 35 | B53: 2H glucose | C53: (g) | D53: 0 | E53: 0 | F53: 0 | G53: 0 | H53: 0 | I53: 0 | J53: 0 | K53: 0 | L53: 0 | M53: 0 | N53: 0 | O53: 0 | P53: 0 | Q53: 0 | R53: 0 | S53: 0 | T53: 0 | U53: 0 | V53: 0 | W53: 0 | X53: 0 | Y53: 0 | Z53: 0 | AA53: 0 | AB53: 0 | AC53: 0 | AD53: 0 | AE53: 0 | AF53: 0
A54: 36 | B54: 13C sucrose | C54: (g) | D54: 0 | E54: 0 | F54: 2 | G54: 1 | H54: 1 | I54: 1 | J54: 1 | K54: 0 | L54: 0 | M54: 0 | N54: 0 | O54: 0 | P54: 0 | Q54: 0 | R54: 0 | S54: 0 | T54: 0 | U54: 0 | V54: 0 | W54: 0 | X54: 0 | Y54: 0 | Z54: 0 | AA54: 0 | AB54: 0 | AC54: 0 | AD54: 0 | AE54: 0 | AF54: 0
A55: 40 | B55: pepsin | C55: (g) | D55: =water!D41 -> 0 | E55: =glucose!D41 -> 0 | F55: =sucrose!D41 -> 0 | G55: ='milk choc'!D41 -> 0 | H55: ='milk chocolate arabinose'!D41 -> 0 | I55: ='gastic milk choc'!D41 -> 0 | J55: ='gastic milk choc arab'!D41 -> 0 | K55: =emulsie!D41 -> 0 | L55: =arabinose!D41 -> 0 | M55: 0 | N55: 0 | O55: 0 | P55: 0 | Q55: 0 | R55: 0 | S55: 0 | T55: 0 | U55: 0 | V55: 0 | W55: 0 | X55: 0 | Y55: 0 | Z55: 0 | AA55: 0 | AB55: 0 | AC55: 0 | AD55: 0 | AE55: 0 | AF55: 0
A56: 41 | B56: pancreatic proteases | C56: (g) | D56: =water!D42 -> 0 | E56: =glucose!D42 -> 0 | F56: =sucrose!D42 -> 0 | G56: ='milk choc'!D42 -> 0 | H56: ='milk chocolate arabinose'!D42 -> 0 | I56: ='gastic milk choc'!D42 -> 0 | J56: ='gastic milk choc arab'!D42 -> 0 | K56: =emulsie!D42 -> 0 | L56: =arabinose!D42 -> 0 | M56: 0 | N56: 0 | O56: 0 | P56: 0 | Q56: 0 | R56: 0 | S56: 0 | T56: 0 | U56: 0 | V56: 0 | W56: 0 | X56: 0 | Y56: 0 | Z56: 0 | AA56: 0 | AB56: 0 | AC56: 0 | AD56: 0 | AE56: 0 | AF56: 0
A57: 50 | B57: lipase | C57: (g) | D57: =water!D43 -> 0 | E57: =glucose!D43 -> 0 | F57: =sucrose!D43 -> 0 | G57: ='milk choc'!D43 -> 0 | H57: ='milk chocolate arabinose'!D43 -> 0 | I57: ='gastic milk choc'!D43 -> 0 | J57: ='gastic milk choc arab'!D43 -> 0 | K57: =emulsie!D43 -> 0 | L57: =arabinose!D43 -> 0 | M57: 0 | N57: 0 | O57: 0 | P57: 0 | Q57: 0 | R57: 0 | S57: 0 | T57: 0 | U57: 0 | V57: 0 | W57: 0 | X57: 0 | Y57: 0 | Z57: 0 | AA57: 0 | AB57: 0 | AC57: 0 | AD57: 0 | AE57: 0 | AF57: 0
A58: 51 | B58: bile salts | C58: (g) | D58: =water!D44 -> 0 | E58: =glucose!D44 -> 0 | F58: =sucrose!D44 -> 0 | G58: ='milk choc'!D44 -> 0 | H58: ='milk chocolate arabinose'!D44 -> 0 | I58: ='gastic milk choc'!D44 -> 0 | J58: ='gastic milk choc arab'!D44 -> 0 | K58: =emulsie!D44 -> 0 | L58: =arabinose!D44 -> 0 | M58: 0 | N58: 0 | O58: 0 | P58: 0 | Q58: 0 | R58: 0 | S58: 0 | T58: 0 | U58: 0 | V58: 0 | W58: 0 | X58: 0 | Y58: 0 | Z58: 0 | AA58: 0 | AB58: 0 | AC58: 0 | AD58: 0 | AE58: 0 | AF58: 0
A59: 52 | B59: bile phospholipids | C59: (g) | D59: =water!D45 -> 0 | E59: =glucose!D45 -> 0 | F59: =sucrose!D45 -> 0 | G59: ='milk choc'!D45 -> 0 | H59: ='milk chocolate arabinose'!D45 -> 0 | I59: ='gastic milk choc'!D45 -> 0 | J59: ='gastic milk choc arab'!D45 -> 0 | K59: =emulsie!D45 -> 0 | L59: =arabinose!D45 -> 0 | M59: 0 | N59: 0 | O59: 0 | P59: 0 | Q59: 0 | R59: 0 | S59: 0 | T59: 0 | U59: 0 | V59: 0 | W59: 0 | X59: 0 | Y59: 0 | Z59: 0 | AA59: 0 | AB59: 0 | AC59: 0 | AD59: 0 | AE59: 0 | AF59: 0
A60: 53 | B60: bile lysophospholipids | C60: (g) | D60: =water!D46 -> 0 | E60: =glucose!D46 -> 0 | F60: =sucrose!D46 -> 0 | G60: ='milk choc'!D46 -> 0 | H60: ='milk chocolate arabinose'!D46 -> 0 | I60: ='gastic milk choc'!D46 -> 0 | J60: ='gastic milk choc arab'!D46 -> 0 | K60: =emulsie!D46 -> 0 | L60: =arabinose!D46 -> 0 | M60: 0 | N60: 0 | O60: 0 | P60: 0 | Q60: 0 | R60: 0 | S60: 0 | T60: 0 | U60: 0 | V60: 0 | W60: 0 | X60: 0 | Y60: 0 | Z60: 0 | AA60: 0 | AB60: 0 | AC60: 0 | AD60: 0 | AE60: 0 | AF60: 0
A61: 54 | B61: bile salt LCFA complex | C61: (g) | D61: =water!D47 -> 0 | E61: =glucose!D47 -> 0 | F61: =sucrose!D47 -> 0 | G61: ='milk choc'!D47 -> 0 | H61: ='milk chocolate arabinose'!D47 -> 0 | I61: ='gastic milk choc'!D47 -> 0 | J61: ='gastic milk choc arab'!D47 -> 0 | K61: =emulsie!D47 -> 0 | L61: =arabinose!D47 -> 0 | M61: 0 | N61: 0 | O61: 0 | P61: 0 | Q61: 0 | R61: 0 | S61: 0 | T61: 0 | U61: 0 | V61: 0 | W61: 0 | X61: 0 | Y61: 0 | Z61: 0 | AA61: 0 | AB61: 0 | AC61: 0 | AD61: 0 | AE61: 0 | AF61: 0
A62: 55 | B62: mucus protein | C62: (g) | D62: =water!D48 -> 0 | E62: =glucose!D48 -> 0 | F62: =sucrose!D48 -> 0 | G62: ='milk choc'!D48 -> 0 | H62: ='milk chocolate arabinose'!D48 -> 0 | I62: ='gastic milk choc'!D48 -> 0 | J62: ='gastic milk choc arab'!D48 -> 0 | K62: =emulsie!D48 -> 0 | L62: =arabinose!D48 -> 0 | M62: 0 | N62: 0 | O62: 0 | P62: 0 | Q62: 0 | R62: 0 | S62: 0 | T62: 0 | U62: 0 | V62: 0 | W62: 0 | X62: 0 | Y62: 0 | Z62: 0 | AA62: 0 | AB62: 0 | AC62: 0 | AD62: 0 | AE62: 0 | AF62: 0
A63: 56 | B63: pancreatic fosfolipase | C63: (g) | D63: =water!D49 -> 0 | E63: =glucose!D49 -> 0 | F63: =sucrose!D49 -> 0 | G63: ='milk choc'!D49 -> 0 | H63: ='milk chocolate arabinose'!D49 -> 0 | I63: ='gastic milk choc'!D49 -> 0 | J63: ='gastic milk choc arab'!D49 -> 0 | K63: =emulsie!D49 -> 0 | L63: =arabinose!D49 -> 0 | M63: 0 | N63: 0 | O63: 0 | P63: 0 | Q63: 0 | R63: 0 | S63: 0 | T63: 0 | U63: 0 | V63: 0 | W63: 0 | X63: 0 | Y63: 0 | Z63: 0 | AA63: 0 | AB63: 0 | AC63: 0 | AD63: 0 | AE63: 0 | AF63: 0
A64: 57 | B64: salivary_amylase | C64: (g) | D64: =water!D50 -> 0 | E64: =glucose!D50 -> 0 | F64: =sucrose!D50 -> 0 | G64: ='milk choc'!D50 -> 0 | H64: ='milk chocolate arabinose'!D50 -> 0 | I64: ='gastic milk choc'!D50 -> 0 | J64: ='gastic milk choc arab'!D50 -> 0 | K64: =emulsie!D50 -> 0 | L64: =arabinose!D50 -> 0 | M64: 0 | N64: 0 | O64: 0 | P64: 0 | Q64: 0 | R64: 0 | S64: 0 | T64: 0 | U64: 0 | V64: 0 | W64: 0 | X64: 0 | Y64: 0 | Z64: 0 | AA64: 0 | AB64: 0 | AC64: 0 | AD64: 0 | AE64: 0 | AF64: 0
A65: 58 | B65: pancreatic_amylase | C65: (g) | D65: =water!D51 -> 0 | E65: =glucose!D51 -> 0 | F65: =sucrose!D51 -> 0 | G65: ='milk choc'!D51 -> 0 | H65: ='milk chocolate arabinose'!D51 -> 0 | I65: ='gastic milk choc'!D51 -> 0 | J65: ='gastic milk choc arab'!D51 -> 0 | K65: =emulsie!D51 -> 0 | L65: =arabinose!D51 -> 0 | M65: 0 | N65: 0 | O65: 0 | P65: 0 | Q65: 0 | R65: 0 | S65: 0 | T65: 0 | U65: 0 | V65: 0 | W65: 0 | X65: 0 | Y65: 0 | Z65: 0 | AA65: 0 | AB65: 0 | AC65: 0 | AD65: 0 | AE65: 0 | AF65: 0
A66: 60 | B66: CCK releasing protein | C66: (g) | D66: =water!D52 -> 0 | E66: =glucose!D52 -> 0 | F66: =sucrose!D52 -> 0 | G66: ='milk choc'!D52 -> 0 | H66: ='milk chocolate arabinose'!D52 -> 0 | I66: ='gastic milk choc'!D52 -> 0 | J66: ='gastic milk choc arab'!D52 -> 0 | K66: =emulsie!D52 -> 0 | L66: =arabinose!D52 -> 0 | M66: 0 | N66: 0 | O66: 0 | P66: 0 | Q66: 0 | R66: 0 | S66: 0 | T66: 0 | U66: 0 | V66: 0 | W66: 0 | X66: 0 | Y66: 0 | Z66: 0 | AA66: 0 | AB66: 0 | AC66: 0 | AD66: 0 | AE66: 0 | AF66: 0
... A75: 71 | B75: Leutrac | C75: (g) | D75: =water!D61 -> 0 | E75: =glucose!D61 -> 0 | F75: =sucrose!D61 -> 0 | G75: ='milk choc'!D61 -> 0 | H75: ='milk chocolate arabinose'!D61 -> 0 | I75: ='gastic milk choc'!D61 -> 0 | J75: ='gastic milk choc arab'!D61 -> 0 | K75: =emulsie!D61 -> 0 | L75: =arabinose!D61 -> 0 | M75: 0 | N75: 0 | O75: 0 | P75: 0 | Q75: 0 | R75: 0 | S75: 0 | T75: 0 | U75: 0 | V75: 0 | W75: 0 | X75: 0 | Y75: 0 | Z75: 0 | AA75: 0 | AB75: 0 | AC75: 0 | AD75: 0 | AE75: 0 | AF75: 0
A76: 75 | B76: comp pepsin inh | C76: (units) | D76: 0 | E76: 0 | F76: 0 | G76: 0 | H76: 0 | I76: 0 | J76: 0 | K76: 0 | L76: 0 | M76: 0 | N76: 0 | O76: 0 | P76: 0 | Q76: 0 | R76: 0 | S76: 0 | T76: 0 | U76: 0 | V76: 0 | W76: 0 | X76: 0 | Y76: 0 | Z76: 0 | AA76: 0 | AB76: 0 | AC76: 100 | AD76: 0 | AE76: 0 | AF76: 0
A77: 76 | B77: non comp pepsin inh | C77: (units) | D77: 0 | E77: 0 | F77: 0 | G77: 0 | H77: 0 | I77: 0 | J77: 0 | K77: 0 | L77: 0 | M77: 0 | N77: 0 | O77: 0 | P77: 0 | Q77: 0 | R77: 0 | S77: 0 | T77: 0 | U77: 0 | V77: 0 | W77: 0 | X77: 0 | Y77: 0 | Z77: 0 | AA77: 0 | AB77: 0 | AC77: 0 | AD77: 100 | AE77: 0 | AF77: 0
A78: 77 | B78: comp pancr inh | C78: (units) | D78: 0 | E78: 0 | F78: 0 | G78: 0 | H78: 0 | I78: 0 | J78: 0 | K78: 0 | L78: 0 | M78: 0 | N78: 0 | O78: 0 | P78: 0 | Q78: 0 | R78: 0 | S78: 0 | T78: 0 | U78: 0 | V78: 0 | W78: 0 | X78: 0 | Y78: 0 | Z78: 0 | AA78: 0 | AB78: 0 | AC78: 0 | AD78: 0 | AE78: 100 | AF78: 0
A79: 78 | B79: NaCl | C79: (g) | D79: =water!D62 -> 0 | E79: =glucose!D62 -> 0 | F79: =sucrose!D62 -> 0 | G79: ='milk choc'!D62 -> 0 | H79: ='milk chocolate arabinose'!D62 -> 0 | I79: ='gastic milk choc'!D62 -> 0 | J79: ='gastic milk choc arab'!D62 -> 0 | K79: =emulsie!D62 -> 0 | L79: =arabinose!D62 -> 0 | M79: 0 | N79: 0 | O79: 0 | P79: 0 | Q79: 0 | R79: 0 | S79: 0 | T79: 0 | U79: 0 | V79: 0 | W79: 0 | X79: 0 | Y79: 0 | Z79: 0 | AA79: 0 | AB79: 0 | AC79: 0 | AD79: 0 | AE79: 0 | AF79: 0
A80: 79 | B80: HCO3- | C80: (g) | D80: =water!D63 -> 0 | E80: =glucose!D63 -> 0 | F80: =sucrose!D63 -> 0 | G80: ='milk choc'!D63 -> 0 | H80: ='milk chocolate arabinose'!D63 -> 0 | I80: ='gastic milk choc'!D63 -> 0 | J80: ='gastic milk choc arab'!D63 -> 0 | K80: =emulsie!D63 -> 0 | L80: =arabinose!D63 -> 0 | M80: 0 | N80: 0 | O80: 0 | P80: 0 | Q80: 0 | R80: 0 | S80: 0 | T80: 0 | U80: 0 | V80: 0 | W80: 0 | X80: 0 | Y80: 0 | Z80: 0 | AA80: 0 | AB80: 0 | AC80: 0 | AD80: 0 | AE80: 0 | AF80: 0
A81: 80 | B81: H+ ions | C81: (mol) | D81: =water!D64 -> 0 | E81: =glucose!D64 -> 0 | F81: =sucrose!D64 -> 0 | G81: ='milk choc'!D64 -> 0 | H81: ='milk chocolate arabinose'!D64 -> 0 | I81: ='gastic milk choc'!D64 -> 0 | J81: ='gastic milk choc arab'!D64 -> 0 | K81: =emulsie!D64 -> 0 | L81: =arabinose!D64 -> 0 | M81: 0 | N81: 0 | O81: 0 | P81: 0 | Q81: 0 | R81: 0 | S81: 0 | T81: 0 | U81: 0 | V81: 0 | W81: 0 | X81: 0 | Y81: 0 | Z81: 0 | AA81: 0 | AB81: 0 | AC81: 0 | AD81: 0 | AE81: 0 | AF81: 0
A82: 0 | D82: =SUM(D35:D81) -> 100 | E82: =SUM(E35:E81) -> 100 | F82: =SUM(F35:F81) -> 100 | G82: =SUM(G35:G81) -> 100.31 | H82: =SUM(H35:H81) -> 100.41 | I82: =SUM(I35:I81) -> 99.83 | J82: =SUM(J35:J81) -> 99.83 | K82: =SUM(K35:K81) -> 100 | ... S82: =SUM(S35:S81) -> 132 | T82: 132 | U82: =SUM(U35:U81) -> 119 | V82: =SUM(V35:V81) -> 119 | W82: 119 | X82: =SUM(X35:X81) -> 100 | Y82: =SUM(Y35:Y81) -> 100 | Z82: =SUM(Z35:Z81) -> 100 | AA82: =SUM(AA35:AA81) -> 100 | AB82: =SUM(AB35:AB81) -> 100 | AC82: =SUM(AC35:AC81) -> 100 | AD82: =SUM(AD35:AD81) -> 100 | AE82: =SUM(AE35:AE81) -> 100 | AF82: =SUM(AF35:AF81) -> 119
B83: density | C83: (g/ml) | D83: =water!D66 -> 1 | E83: =glucose!D66 -> 1.44 | F83: =sucrose!D66 -> 1.44 | G83: ='milk choc'!D66 -> 1.3 | H83: ='milk chocolate arabinose'!D66 -> 1.3 | I83: ='gastic milk choc'!D66 -> 1.2 | J83: ='gastic milk choc arab'!D66 -> 1.2 | K83: =emulsie!D66 -> 0.95 | L83: =arabinose!D66 -> 1.44 | M83: 1.44 | N83: 1.44 | O83: 1.44 | P83: 1.4 | Q83: 1.4 | R83: 1.4 | S83: 1.4 | T83: 1.4 | U83: 1.4 | V83: 1.4 | W83: 1.4 | X83: 1 | Y83: 1 | Z83: 1 | AA83: 1 | AB83: 1.4 | AC83: 1.4 | AD83: 1.4 | AE83: 1.4 | AF83: 1.4

Sheet water
B1: Water
B3: Compound quantifiers | C3: units | D3: water
B4: pH | C4: (-) | D4: 7
B5: solid | C5: (0/1) | D5: 0
B6: viscosity | C6: (mPa.s) | D6: 1
B7: oral decomposition time | C7: (min) | D7: 1
B8: decomposes into | C8: (compound number) | D8: 0
C9: (%) | D9: 0
B10: and | C10: ( compound number) | D10: 0
C11: (%) | D11: 0
B12: gastric decomposition time | C12: (min) | D12: 1
B13: decomposes into | C13: (compound number) | D13: 0
C14: (%) | D14: 0
B15: and | C15: (compound number) | D15: 0
C16: (%) | D16: 0
B17: intestinal composition time | C17: (min) | D17: 1
B18: decomposes into | C18: (compound number) | D18: 0
C19: (%) | D19: 0
B20: and | C20: (compound number) | D20: 0
C21: (%) | D21: 0
B24: INGREDIENTS
A25: 1 | B25: water | C25: gram % | D25: 100
A26: 2 | B26: fat | C26: =$C$25 -> gram % | D26: 0
A27: 3 | B27: glucose | C27: =$C$25 -> gram % | D27: 0
A28: 4 | B28: protein | C28: =$C$25 -> gram % | D28: 0
A29: 5 | B29: pharm | C29: =$C$25 -> gram % | D29: 0
A30: 6 | B30: pharm inactive | C30: =$C$25 -> gram % | D30: 0
A31: 10 | B31: RDS | C31: =$C$25 -> gram % | D31: 0
A32: 11 | B32: SDS | C32: =$C$25 -> gram % | D32: 0
A33: 12 | B33: RS | C33: =$C$25 -> gram % | D33: 0
A34: 20 | B34: FA | C34: =$C$25 -> gram % | D34: 0
A35: 21 | B35: sucrose | C35: =$C$25 -> gram % | D35: 0
A36: 22 | B36: fructose | C36: =$C$25 -> gram % | D36: 0
A37: 23 | B37: maltose | C37: =$C$25 -> gram % | D37: 0
... A63: 79 | B63: HCO3- | C63: =$C$25 -> gram % | D63: 0
A64: 80 | B64: H+ ions | C64: mol/100g | D64: 0
B66: density | C66: g/ml | D66: 1

Sheet glucose
B1: Glucose
B3: Component quantifiers | C3: units | D3: glucose
B4: pH | C4: (-) | D4: 7
B5: solid | C5: (0/1) | D5: 1
B6: viscosity | C6: (mPa.s) | D6: 1
B7: oral decomposition time | C7: (min) | D7: 1
B8: decomposes into | C8: (compound number) | D8: 0
C9: (%) | D9: 0
B10: and | C10: ( compound number) | D10: 0
C11: (%) | D11: 0
B12: gastric decomposition time | C12: (min) | D12: 1
B13: decomposes into | C13: (compound number) | D13: 0
C14: (%) | D14: 0
B15: and | C15: (compound number) | D15: 0
C16: (%) | D16: 0
B17: intestinal composition time | C17: (min) | D17: 1
B18: decomposes into | C18: (compound number) | D18: 0
C19: (%) | D19: 0
B20: and | C20: (compound number) | D20: 0
C21: (%) | D21: 0
B24: INGREDIENTS
A25: 1 | B25: water | C25: gram % | D25: 0
A26: 2 | B26: fat | C26: =$C$25 -> gram % | D26: 0
A27: 3 | B27: glucose | C27: =$C$25 -> gram % | D27: 100
A28: 4 | B28: protein | C28: =$C$25 -> gram % | D28: 0
A29: 5 | B29: pharm | C29: =$C$25 -> gram % | D29: 0
A30: 6 | B30: pharm inactive | C30: =$C$25 -> gram % | D30: 0
A31: 10 | B31: RDS | C31: =$C$25 -> gram % | D31: 0
A32: 11 | B32: SDS | C32: =$C$25 -> gram % | D32: 0
A33: 12 | B33: RS | C33: =$C$25 -> gram % | D33: 0
A34: 20 | B34: FA | C34: =$C$25 -> gram % | D34: 0
A35: 21 | B35: sucrose | C35: =$C$25 -> gram % | D35: 0
A36: 22 | B36: fructose | C36: =$C$25 -> gram % | D36: 0
A37: 23 | B37: maltose | C37: =$C$25 -> gram % | D37: 0
... A63: 79 | B63: HCO3- | C63: =$C$25 -> gram % | D63: 0
A64: 80 | B64: H+ ions | C64: mol/100g | D64: 0
B66: density | C66: g/ml | D66: 1.44

Sheet sucrose
B1: Sucrose
B3: Component quantifiers | C3: units | D3: sucrose
B4: pH | C4: (-) | D4: 7
B5: solid | C5: (0/1) | D5: 1
B6: viscosity | C6: (mPa.s) | D6: 1
B7: oral decomposition time | C7: (min) | D7: 1
B8: decomposes into | C8: (compound number) | D8: 0
C9: (%) | D9: 0
B10: and | C10: ( compound number) | D10: 0
C11: (%) | D11: 0
B12: gastric decomposition time | C12: (min) | D12: 1
B13: decomposes into | C13: (compound number) | D13: 0
C14: (%) | D14: 0
B15: and | C15: (compound number) | D15: 0
C16: (%) | D16: 0
B17: intestinal composition time | C17: (min) | D17: 1
B18: decomposes into | C18: (compound number) | D18: 0
C19: (%) | D19: 0
B20: and | C20: (compound number) | D20: 0
C21: (%) | D21: 0
B24: INGREDIENTS
A25: 1 | B25: water | C25: gram % | D25: 0
A26: 2 | B26: fat | C26: =$C$25 -> gram % | D26: 0
A27: 3 | B27: glucose | C27: =$C$25 -> gram % | D27: 0
A28: 4 | B28: protein | C28: =$C$25 -> gram % | D28: 0
A29: 5 | B29: pharm | C29: =$C$25 -> gram % | D29: 0
A30: 6 | B30: pharm inactive | C30: =$C$25 -> gram % | D30: 0
A31: 10 | B31: RDS | C31: =$C$25 -> gram % | D31: 0
A32: 11 | B32: SDS | C32: =$C$25 -> gram % | D32: 0
A33: 12 | B33: RS | C33: =$C$25 -> gram % | D33: 0
A34: 20 | B34: FA | C34: =$C$25 -> gram % | D34: 0
A35: 21 | B35: sucrose | C35: =$C$25 -> gram % | D35: 100
A36: 22 | B36: fructose | C36: =$C$25 -> gram % | D36: 0
A37: 23 | B37: maltose | C37: =$C$25 -> gram % | D37: 0
... A63: 79 | B63: HCO3- | C63: =$C$25 -> gram % | D63: 0
A64: 80 | B64: H+ ions | C64: mol/100g | D64: 0
B66: density | C66: g/ml | D66: 1.44

Sheet milk choc
B1: Milk Chocolate
B3: Component quantifiers | C3: units | D3: milk choc
B4: pH | C4: (-) | D4: 7
B5: solid | C5: (0/1) | D5: 1
B6: viscosity | C6: (mPa.s) | D6: 1
B7: oral decomposition time | C7: (min) | D7: 2
B8: decomposes into | C8: (compound number) | D8: 6
C9: (%) | D9: 100
B10: and | C10: ( compound number) | D10: 0
C11: (%) | D11: 0
B12: gastric decomposition time | C12: (min) | D12: 5
B13: decomposes into | C13: (compound number) | D13: 6
C14: (%) | D14: 100
B15: and | C15: (compound number) | D15: 0
C16: (%) | D16: 0
B17: intestinal composition time | C17: (min) | D17: 1
B18: decomposes into | C18: (compound number) | D18: 0
C19: (%) | D19: 0
B20: and | C20: (compound number) | D20: 0
C21: (%) | D21: 0
B24: INGREDIENTS
A25: 1 | B25: water | C25: gram % | D25: 0
A26: 2 | B26: fat | C26: =$C$25 -> gram % | D26: 32.73
A27: 3 | B27: glucose | C27: =$C$25 -> gram % | D27: 0
A28: 4 | B28: protein | C28: =$C$25 -> gram % | D28: 1.08
A29: 5 | B29: pharm | C29: =$C$25 -> gram % | D29: 0
A30: 6 | B30: pharm inactive | C30: =$C$25 -> gram % | D30: 0
A31: 10 | B31: RDS | C31: =$C$25 -> gram % | D31: 0
A32: 11 | B32: SDS | C32: =$C$25 -> gram % | D32: 0
A33: 12 | B33: RS | C33: =$C$25 -> gram % | D33: 6
A34: 20 | B34: FA | C34: =$C$25 -> gram % | D34: 0
A35: 21 | B35: sucrose | C35: =$C$25 -> gram % | D35: 41.5
A36: 22 | B36: fructose | C36: =$C$25 -> gram % | D36: 0
A37: 23 | B37: maltose | C37: =$C$25 -> gram % | D37: 0
... A63: 79 | B63: HCO3- | C63: =$C$25 -> gram % | D63: 0
A64: 80 | B64: H+ ions | C64: mol/100g | D64: 0
D65: =SUM(D25:D64) -> 100.31
B66: density | C66: g/ml | D66: 1.3

Sheet milk chocolate arabinose
B1: Milk Chocolate arabinose
B3: Component quantifiers | C3: units | D3: milk choc arab
B4: pH | C4: (-) | D4: 7
B5: solid | C5: (0/1) | D5: 1
B6: viscosity | C6: (mPa.s) | D6: 1
B7: oral decomposition time | C7: (min) | D7: 2
B8: decomposes into | C8: (compound number) | D8: 6
C9: (%) | D9: 50
B10: and | C10: ( compound number) | D10: 0
C11: (%) | D11: 0
B12: gastric decomposition time | C12: (min) | D12: 5
B13: decomposes into | C13: (compound number) | D13: 6
C14: (%) | D14: 0
B15: and | C15: (compound number) | D15: 0
C16: (%) | D16: 0
B17: intestinal composition time | C17: (min) | D17: 1
B18: decomposes into | C18: (compound number) | D18: 0
C19: (%) | D19: 0
B20: and | C20: (compound number) | D20: 0
C21: (%) | D21: 0
B24: INGREDIENTS
A25: 1 | B25: water | C25: gram % | D25: 0
A26: 2 | B26: fat | C26: =$C$25 -> gram % | D26: 32.73
A27: 3 | B27: glucose | C27: =$C$25 -> gram % | D27: 0
A28: 4 | B28: protein | C28: =$C$25 -> gram % | D28: 1.08
A29: 5 | B29: pharm | C29: =$C$25 -> gram % | D29: 0
A30: 6 | B30: pharm inactive | C30: =$C$25 -> gram % | D30: 0
A31: 10 | B31: RDS | C31: =$C$25 -> gram % | D31: 0
A32: 11 | B32: SDS | C32: =$C$25 -> gram % | D32: 0
A33: 12 | B33: RS | C33: =$C$25 -> gram % | D33: 6
A34: 20 | B34: FA | C34: =$C$25 -> gram % | D34: 0
A35: 21 | B35: sucrose | C35: =$C$25 -> gram % | D35: 29.7
A36: 22 | B36: fructose | C36: =$C$25 -> gram % | D36: 0
A37: 23 | B37: maltose | C37: =$C$25 -> gram % | D37: 0
... A63: 79 | B63: HCO3- | C63: =$C$25 -> gram % | D63: 0
A64: 80 | B64: H+ ions | C64: mol/100g | D64: 0
D65: =SUM(D25:D64) -> 100.41
B66: density | C66: g/ml | D66: 1.3

Sheet gastic milk choc
B1: Gastic Milk Chocolate
B3: Component quantifiers | C3: units | D3: milk choc
B4: pH | C4: (-) | D4: 7
B5: solid | C5: (0/1) | D5: 1
B6: viscosity | C6: (mPa.s) | D6: 1
B7: oral decomposition time | C7: (min) | D7: 1
B8: decomposes into | C8: (compound number) | D8: 0
C9: (%) | D9: 0
B10: and | C10: ( compound number) | D10: 0
C11: (%) | D11: 0
B12: gastric decomposition time | C12: (min) | D12: 20
B13: decomposes into | C13: (compound number) | D13: 0
C14: (%) | D14: 0
B15: and | C15: (compound number) | D15: 0
C16: (%) | D16: 0
B17: intestinal composition time | C17: (min) | D17: 1
B18: decomposes into | C18: (compound number) | D18: 0
C19: (%) | D19: 0
B20: and | C20: (compound number) | D20: 0
C21: (%) | D21: 0
B24: INGREDIENTS
A25: 1 | B25: water | C25: gram % | D25: 36.94
A26: 2 | B26: fat | C26: =$C$25 -> gram % | D26: 29.13
A27: 3 | B27: glucose | C27: =$C$25 -> gram % | D27: 0
A28: 4 | B28: protein | C28: =$C$25 -> gram % | D28: 1.08
A29: 5 | B29: pharm | C29: =$C$25 -> gram % | D29: 0
A30: 6 | B30: pharm inactive | C30: =$C$25 -> gram % | D30: 0
A31: 10 | B31: RDS | C31: =$C$25 -> gram % | D31: 0
A32: 11 | B32: SDS | C32: =$C$25 -> gram % | D32: 0
A33: 12 | B33: RS | C33: =$C$25 -> gram % | D33: 1.78
A34: 20 | B34: FA | C34: =$C$25 -> gram % | D34: 0
A35: 21 | B35: sucrose | C35: =$C$25 -> gram % | D35: 20
A36: 22 | B36: fructose | C36: =$C$25 -> gram % | D36: 0
A37: 23 | B37: maltose | C37: =$C$25 -> gram % | D37: 0
... A63: 79 | B63: HCO3- | C63: =$C$25 -> gram % | D63: 0
A64: 80 | B64: H+ ions | C64: mol/100g | D64: 0
D65: =SUM(D25:D64) -> 99.83
B66: density | C66: g/ml | D66: 1.2

Sheet gastic milk choc arab
B1: Gastic Milk Chocolate
B3: Component quantifiers | C3: units | D3: milk choc
B4: pH | C4: (-) | D4: 7
B5: solid | C5: (0/1) | D5: 1
B6: viscosity | C6: (mPa.s) | D6: 1
B7: oral decomposition time | C7: (min) | D7: 1
B8: decomposes into | C8: (compound number) | D8: 0
C9: (%) | D9: 0
B10: and | C10: ( compound number) | D10: 0
C11: (%) | D11: 0
B12: gastric decomposition time | C12: (min) | D12: 20
B13: decomposes into | C13: (compound number) | D13: 0
C14: (%) | D14: 0
B15: and | C15: (compound number) | D15: 0
C16: (%) | D16: 0
B17: intestinal composition time | C17: (min) | D17: 1
B18: decomposes into | C18: (compound number) | D18: 0
C19: (%) | D19: 0
B20: and | C20: (compound number) | D20: 0
C21: (%) | D21: 0
B24: INGREDIENTS
A25: 1 | B25: water | C25: gram % | D25: 36.94
A26: 2 | B26: fat | C26: =$C$25 -> gram % | D26: 29.13
A27: 3 | B27: glucose | C27: =$C$25 -> gram % | D27: 0
A28: 4 | B28: protein | C28: =$C$25 -> gram % | D28: 1.08
A29: 5 | B29: pharm | C29: =$C$25 -> gram % | D29: 0
A30: 6 | B30: pharm inactive | C30: =$C$25 -> gram % | D30: 0
A31: 10 | B31: RDS | C31: =$C$25 -> gram % | D31: 0
A32: 11 | B32: SDS | C32: =$C$25 -> gram % | D32: 0
A33: 12 | B33: RS | C33: =$C$25 -> gram % | D33: 1.78
A34: 20 | B34: FA | C34: =$C$25 -> gram % | D34: 0
A35: 21 | B35: sucrose | C35: =$C$25 -> gram % | D35: 15
A36: 22 | B36: fructose | C36: =$C$25 -> gram % | D36: 0
A37: 23 | B37: maltose | C37: =$C$25 -> gram % | D37: 0
... A63: 79 | B63: HCO3- | C63: =$C$25 -> gram % | D63: 0
A64: 80 | B64: H+ ions | C64: mol/100g | D64: 0
D65: =SUM(D25:D64) -> 99.83
B66: density | C66: g/ml | D66: 1.2

Sheet emulsie
B1: Emulsie
B3: Compound quantifiers | C3: units | D3: water
B4: pH | C4: (-) | D4: 7
B5: solid | C5: (0/1) | D5: 0
B6: viscosity | C6: (mPa.s) | D6: 1
B7: oral decomposition time | C7: (min) | D7: 1
B8: decomposes into | C8: (compound number) | D8: 0
C9: (%) | D9: 0
B10: and | C10: ( compound number) | D10: 0
C11: (%) | D11: 0
B12: gastric decomposition time | C12: (min) | D12: 1
B13: decomposes into | C13: (compound number) | D13: 0
C14: (%) | D14: 0
B15: and | C15: (compound number) | D15: 0
C16: (%) | D16: 0
B17: intestinal composition time | C17: (min) | D17: 1
B18: decomposes into | C18: (compound number) | D18: 0
C19: (%) | D19: 0
B20: and | C20: (compound number) | D20: 0
C21: (%) | D21: 0
B24: INGREDIENTS
A25: 1 | B25: water | C25: gram % | D25: 50
A26: 2 | B26: fat | C26: =$C$25 -> gram % | D26: 50
A27: 3 | B27: glucose | C27: =$C$25 -> gram % | D27: 0
A28: 4 | B28: protein | C28: =$C$25 -> gram % | D28: 0
A29: 5 | B29: pharm | C29: =$C$25 -> gram % | D29: 0
A30: 6 | B30: pharm inactive | C30: =$C$25 -> gram % | D30: 0
A31: 10 | B31: RDS | C31: =$C$25 -> gram % | D31: 0
A32: 11 | B32: SDS | C32: =$C$25 -> gram % | D32: 0
A33: 12 | B33: RS | C33: =$C$25 -> gram % | D33: 0
A34: 20 | B34: FA | C34: =$C$25 -> gram % | D34: 0
A35: 21 | B35: sucrose | C35: =$C$25 -> gram % | D35: 0
A36: 22 | B36: fructose | C36: =$C$25 -> gram % | D36: 0
A37: 23 | B37: maltose | C37: =$C$25 -> gram % | D37: 0
... A63: 79 | B63: HCO3- | C63: =$C$25 -> gram % | D63: 0
A64: 80 | B64: H+ ions | C64: mol/100g | D64: 0
D65: =SUM(D25:D64) -> 100
B66: density | C66: g/ml | D66: 0.95

Sheet arabinose
B1: Arabinose
B3: Component quantifiers | C3: units | D3: sucrose
B4: pH | C4: (-) | D4: 7
B5: solid | C5: (0/1) | D5: 1
B6: viscosity | C6: (mPa.s) | D6: 1
B7: oral decomposition time | C7: (min) | D7: 1
B8: decomposes into | C8: (compound number) | D8: 0
C9: (%) | D9: 0
B10: and | C10: ( compound number) | D10: 0
C11: (%) | D11: 0
B12: gastric decomposition time | C12: (min) | D12: 1
B13: decomposes into | C13: (compound number) | D13: 0
C14: (%) | D14: 0
B15: and | C15: (compound number) | D15: 0
C16: (%) | D16: 0
B17: intestinal composition time | C17: (min) | D17: 1
B18: decomposes into | C18: (compound number) | D18: 0
C19: (%) | D19: 0
B20: and | C20: (compound number) | D20: 0
C21: (%) | D21: 0
B24: INGREDIENTS
A25: 1 | B25: water | C25: gram % | D25: 0
A26: 2 | B26: fat | C26: =$C$25 -> gram % | D26: 0
A27: 3 | B27: glucose | C27: =$C$25 -> gram % | D27: 0
A28: 4 | B28: protein | C28: =$C$25 -> gram % | D28: 0
A29: 5 | B29: pharm | C29: =$C$25 -> gram % | D29: 0
A30: 6 | B30: pharm inactive | C30: =$C$25 -> gram % | D30: 0
A31: 10 | B31: RDS | C31: =$C$25 -> gram % | D31: 0
A32: 11 | B32: SDS | C32: =$C$25 -> gram % | D32: 0
A33: 12 | B33: RS | C33: =$C$25 -> gram % | D33: 0
A34: 20 | B34: FA | C34: =$C$25 -> gram % | D34: 0
A35: 21 | B35: sucrose | C35: =$C$25 -> gram % | D35: 0
A36: 22 | B36: fructose | C36: =$C$25 -> gram % | D36: 0
A37: 23 | B37: maltose | C37: =$C$25 -> gram % | D37: 0
... A63: 79 | B63: HCO3- | C63: =$C$25 -> gram % | D63: 0
A64: 80 | B64: H+ ions | C64: mol/100g | D64: 0
B66: density | C66: g/ml | D66: 1.44

Sheet rapid starch
B1: Rapid starch
B3: Component quantifiers | C3: units | D3: Rapid starch
B4: pH | C4: (-) | D4: 7
B5: solid | C5: (0/1) | D5: 0
B6: viscosity | C6: (mPa.s) | D6: 1000
B7: oral decomposition time | C7: (min) | D7: 1
B8: decomposes into | C8: (compound number) | D8: 0
C9: (%) | D9: 0
B10: and | C10: ( compound number) | D10: 0
C11: (%) | D11: 0
B12: gastric decomposition time | C12: (min) | D12: 1
B13: decomposes into | C13: (compound number) | D13: 0
C14: (%) | D14: 0
B15: and | C15: (compound number) | D15: 0
C16: (%) | D16: 0
B17: intestinal composition time | C17: (min) | D17: 1
B18: decomposes into | C18: (compound number) | D18: 0
C19: (%) | D19: 0
B20: and | C20: (compound number) | D20: 0
C21: (%) | D21: 0
B24: INGREDIENTS
A25: 1 | B25: water | C25: gram % | D25: 0
A26: 2 | B26: fat | C26: =$C$25 -> gram % | D26: 0
A27: 3 | B27: glucose | C27: =$C$25 -> gram % | D27: 0
A28: 4 | B28: protein | C28: =$C$25 -> gram % | D28: 0
A29: 5 | B29: pharm | C29: =$C$25 -> gram % | D29: 0
A30: 6 | B30: pharm inactive | C30: =$C$25 -> gram % | D30: 0
A31: 10 | B31: RDS | C31: =$C$25 -> gram % | D31: 100
A32: 11 | B32: SDS | C32: =$C$25 -> gram % | D32: 0
A33: 12 | B33: RS | C33: =$C$25 -> gram % | D33: 0
A34: 20 | B34: FA | C34: =$C$25 -> gram % | D34: 0
A35: 21 | B35: sucrose | C35: =$C$25 -> gram % | D35: 0
A36: 22 | B36: fructose | C36: =$C$25 -> gram % | D36: 0
A37: 23 | B37: maltose | C37: =$C$25 -> gram % | D37: 0
... A63: 79 | B63: HCO3- | C63: =$C$25 -> gram % | D63: 0
A64: 80 | B64: H+ ions | C64: mol/100g | D64: 0
B66: density | C66: g/ml | D66: 1.44

Sheet slow starch
B1: Slow starch
B3: Component quantifiers | C3: units | D3: Slow starch
B4: pH | C4: (-) | D4: 7
B5: solid | C5: (0/1) | D5: 1
B6: viscosity | C6: (mPa.s) | D6: 1000
B7: oral decomposition time | C7: (min) | D7: 10
B8: decomposes into | C8: (compound number) | D8: 0
C9: (%) | D9: 0
B10: and | C10: ( compound number) | D10: 0
C11: (%) | D11: 0
B12: gastric decomposition time | C12: (min) | D12: 10
B13: decomposes into | C13: (compound number) | D13: 0
C14: (%) | D14: 0
B15: and | C15: (compound number) | D15: 0
C16: (%) | D16: 0
B17: intestinal composition time | C17: (min) | D17: 1
B18: decomposes into | C18: (compound number) | D18: 0
C19: (%) | D19: 0
B20: and | C20: (compound number) | D20: 0
C21: (%) | D21: 0
B24: INGREDIENTS
A25: 1 | B25: water | C25: gram % | D25: 0
A26: 2 | B26: fat | C26: =$C$25 -> gram % | D26: 0
A27: 3 | B27: glucose | C27: =$C$25 -> gram % | D27: 0
A28: 4 | B28: protein | C28: =$C$25 -> gram % | D28: 0
A29: 5 | B29: pharm | C29: =$C$25 -> gram % | D29: 0
A30: 6 | B30: pharm inactive | C30: =$C$25 -> gram % | D30: 0
A31: 10 | B31: RDS | C31: =$C$25 -> gram % | D31: 0
A32: 11 | B32: SDS | C32: =$C$25 -> gram % | D32: 100
A33: 12 | B33: RS | C33: =$C$25 -> gram % | D33: 0
A34: 20 | B34: FA | C34: =$C$25 -> gram % | D34: 0
A35: 21 | B35: sucrose | C35: =$C$25 -> gram % | D35: 0
A36: 22 | B36: fructose | C36: =$C$25 -> gram % | D36: 0
A37: 23 | B37: maltose | C37: =$C$25 -> gram % | D37: 0
... A63: 79 | B63: HCO3- | C63: =$C$25 -> gram % | D63: 0
A64: 80 | B64: H+ ions | C64: mol/100g | D64: 0
B66: density | C66: g/ml | D66: 1.44

Sheet resistant starch
B1: Resistant starch
B3: Component quantifiers | C3: units | D3: resistant starch
B4: pH | C4: (-) | D4: 7
B5: solid | C5: (0/1) | D5: 1
B6: viscosity | C6: (mPa.s) | D6: 10
B7: oral decomposition time | C7: (min) | D7: 1
B8: decomposes into | C8: (compound number) | D8: 0
C9: (%) | D9: 0
B10: and | C10: ( compound number) | D10: 0
C11: (%) | D11: 0
B12: gastric decomposition time | C12: (min) | D12: 1
B13: decomposes into | C13: (compound number) | D13: 0
C14: (%) | D14: 0
B15: and | C15: (compound number) | D15: 0
C16: (%) | D16: 0
B17: intestinal composition time | C17: (min) | D17: 1
B18: decomposes into | C18: (compound number) | D18: 0
C19: (%) | D19: 0
B20: and | C20: (compound number) | D20: 0
C21: (%) | D21: 0
B24: INGREDIENTS
A25: 1 | B25: water | C25: gram % | D25: 0
A26: 2 | B26: fat | C26: =$C$25 -> gram % | D26: 0
A27: 3 | B27: glucose | C27: =$C$25 -> gram % | D27: 0
A28: 4 | B28: protein | C28: =$C$25 -> gram % | D28: 0
A29: 5 | B29: pharm | C29: =$C$25 -> gram % | D29: 0
A30: 6 | B30: pharm inactive | C30: =$C$25 -> gram % | D30: 0
A31: 10 | B31: RDS | C31: =$C$25 -> gram % | D31: 0
A32: 11 | B32: SDS | C32: =$C$25 -> gram % | D32: 0
A33: 12 | B33: RS | C33: =$C$25 -> gram % | D33: 100
A34: 20 | B34: FA | C34: =$C$25 -> gram % | D34: 0
A35: 21 | B35: sucrose | C35: =$C$25 -> gram % | D35: 0
A36: 22 | B36: fructose | C36: =$C$25 -> gram % | D36: 0
A37: 23 | B37: maltose | C37: =$C$25 -> gram % | D37: 0
... A63: 79 | B63: HCO3- | C63: =$C$25 -> gram % | D63: 0
A64: 80 | B64: H+ ions | C64: mol/100g | D64: 0
B66: density | C66: g/ml | D66: 1.44
